usdm_week_str,status,path,url
20160419,exists,c:\Users\chaud\Desktop\repositories\wildfire-severity-v2\data\raw\drought\usdm_tiff\USDM_20160419.tif,https://www.ncei.noaa.gov/pub/data/nidis/geojson/us/usdm-tiff/wgs84-tiff/USDM_20160419.tif
20160503,exists,c:\Users\chaud\Desktop\repositories\wildfire-severity-v2\data\raw\drought\usdm_tiff\USDM_20160503.tif,https://www.ncei.noaa.gov/pub/data/nidis/geojson/us/usdm-tiff/wgs84-tiff/USDM_20160503.tif
20160510,exists,c:\Users\chaud\Desktop\repositories\wildfire-severity-v2\data\raw\drought\usdm_tiff\USDM_20160510.tif,https://www.ncei.noaa.gov/pub/data/nidis/geojson/us/usdm-tiff/wgs84-tiff/USDM_20160510.tif
20160517,exists,c:\Users\chaud\Desktop\repositories\wildfire-severity-v2\data\raw\drought\usdm_tiff\USDM_20160517.tif,https://www.ncei.noaa.gov/pub/data/nidis/geojson/us/usdm-tiff/wgs84-tiff/USDM_20160517.tif
20160524,exists,c:\Users\chaud\Desktop\repositories\wildfire-severity-v2\data\raw\drought\usdm_tiff\USDM_20160524.tif,https://www.ncei.noaa.gov/pub/data/nidis/geojson/us/usdm-tiff/wgs84-tiff/USDM_20160524.tif
20160531,exists,c:\Users\chaud\Desktop\repositories\wildfire-severity-v2\data\raw\drought\usdm_tiff\USDM_20160531.tif,https://www.ncei.noaa.gov/pub/data/nidis/geojson/us/usdm-tiff/wgs84-tiff/USDM_20160531.tif
20160607,exists,c:\Users\chaud\Desktop\repositories\wildfire-severity-v2\data\raw\drought\usdm_tiff\USDM_20160607.tif,https://www.ncei.noaa.gov/pub/data/nidis/geojson/us/usdm-tiff/wgs84-tiff/USDM_20160607.tif
20160614,exists,c:\Users\chaud\Desktop\repositories\wildfire-severity-v2\data\raw\drought\usdm_tiff\USDM_20160614.tif,https://www.ncei.noaa.gov/pub/data/nidis/geojson/us/usdm-tiff/wgs84-tiff/USDM_20160614.tif
20160621,exists,c:\Users\chaud\Desktop\repositories\wildfire-severity-v2\data\raw\drought\usdm_tiff\USDM_20160621.tif,https://www.ncei.noaa.gov/pub/data/nidis/geojson/us/usdm-tiff/wgs84-tiff/USDM_20160621.tif
20160628,exists,c:\Users\chaud\Desktop\repositories\wildfire-severity-v2\data\raw\drought\usdm_tiff\USDM_20160628.tif,https://www.ncei.noaa.gov/pub/data/nidis/geojson/us/usdm-tiff/wgs84-tiff/USDM_20160628.tif
20160705,exists,c:\Users\chaud\Desktop\repositories\wildfire-severity-v2\data\raw\drought\usdm_tiff\USDM_20160705.tif,https://www.ncei.noaa.gov/pub/data/nidis/geojson/us/usdm-tiff/wgs84-tiff/USDM_20160705.tif
20160712,exists,c:\Users\chaud\Desktop\repositories\wildfire-severity-v2\data\raw\drought\usdm_tiff\USDM_20160712.tif,https://www.ncei.noaa.gov/pub/data/nidis/geojson/us/usdm-tiff/wgs84-tiff/USDM_20160712.tif
20160719,exists,c:\Users\chaud\Desktop\repositories\wildfire-severity-v2\data\raw\drought\usdm_tiff\USDM_20160719.tif,https://www.ncei.noaa.gov/pub/data/nidis/geojson/us/usdm-tiff/wgs84-tiff/USDM_20160719.tif
20160726,exists,c:\Users\chaud\Desktop\repositories\wildfire-severity-v2\data\raw\drought\usdm_tiff\USDM_20160726.tif,https://www.ncei.noaa.gov/pub/data/nidis/geojson/us/usdm-tiff/wgs84-tiff/USDM_20160726.tif
20160802,exists,c:\Users\chaud\Desktop\repositories\wildfire-severity-v2\data\raw\drought\usdm_tiff\USDM_20160802.tif,https://www.ncei.noaa.gov/pub/data/nidis/geojson/us/usdm-tiff/wgs84-tiff/USDM_20160802.tif
20160809,exists,c:\Users\chaud\Desktop\repositories\wildfire-severity-v2\data\raw\drought\usdm_tiff\USDM_20160809.tif,https://www.ncei.noaa.gov/pub/data/nidis/geojson/us/usdm-tiff/wgs84-tiff/USDM_20160809.tif
20160816,exists,c:\Users\chaud\Desktop\repositories\wildfire-severity-v2\data\raw\drought\usdm_tiff\USDM_20160816.tif,https://www.ncei.noaa.gov/pub/data/nidis/geojson/us/usdm-tiff/wgs84-tiff/USDM_20160816.tif
20160823,exists,c:\Users\chaud\Desktop\repositories\wildfire-severity-v2\data\raw\drought\usdm_tiff\USDM_20160823.tif,https://www.ncei.noaa.gov/pub/data/nidis/geojson/us/usdm-tiff/wgs84-tiff/USDM_20160823.tif
20160830,exists,c:\Users\chaud\Desktop\repositories\wildfire-severity-v2\data\raw\drought\usdm_tiff\USDM_20160830.tif,https://www.ncei.noaa.gov/pub/data/nidis/geojson/us/usdm-tiff/wgs84-tiff/USDM_20160830.tif
20160906,exists,c:\Users\chaud\Desktop\repositories\wildfire-severity-v2\data\raw\drought\usdm_tiff\USDM_20160906.tif,https://www.ncei.noaa.gov/pub/data/nidis/geojson/us/usdm-tiff/wgs84-tiff/USDM_20160906.tif
20160913,exists,c:\Users\chaud\Desktop\repositories\wildfire-severity-v2\data\raw\drought\usdm_tiff\USDM_20160913.tif,https://www.ncei.noaa.gov/pub/data/nidis/geojson/us/usdm-tiff/wgs84-tiff/USDM_20160913.tif
20160920,exists,c:\Users\chaud\Desktop\repositories\wildfire-severity-v2\data\raw\drought\usdm_tiff\USDM_20160920.tif,https://www.ncei.noaa.gov/pub/data/nidis/geojson/us/usdm-tiff/wgs84-tiff/USDM_20160920.tif
20161004,exists,c:\Users\chaud\Desktop\repositories\wildfire-severity-v2\data\raw\drought\usdm_tiff\USDM_20161004.tif,https://www.ncei.noaa.gov/pub/data/nidis/geojson/us/usdm-tiff/wgs84-tiff/USDM_20161004.tif
20161011,exists,c:\Users\chaud\Desktop\repositories\wildfire-severity-v2\data\raw\drought\usdm_tiff\USDM_20161011.tif,https://www.ncei.noaa.gov/pub/data/nidis/geojson/us/usdm-tiff/wgs84-tiff/USDM_20161011.tif
20161018,exists,c:\Users\chaud\Desktop\repositories\wildfire-severity-v2\data\raw\drought\usdm_tiff\USDM_20161018.tif,https://www.ncei.noaa.gov/pub/data/nidis/geojson/us/usdm-tiff/wgs84-tiff/USDM_20161018.tif
20161025,exists,c:\Users\chaud\Desktop\repositories\wildfire-severity-v2\data\raw\drought\usdm_tiff\USDM_20161025.tif,https://www.ncei.noaa.gov/pub/data/nidis/geojson/us/usdm-tiff/wgs84-tiff/USDM_20161025.tif
20161108,exists,c:\Users\chaud\Desktop\repositories\wildfire-severity-v2\data\raw\drought\usdm_tiff\USDM_20161108.tif,https://www.ncei.noaa.gov/pub/data/nidis/geojson/us/usdm-tiff/wgs84-tiff/USDM_20161108.tif
20170328,exists,c:\Users\chaud\Desktop\repositories\wildfire-severity-v2\data\raw\drought\usdm_tiff\USDM_20170328.tif,https://www.ncei.noaa.gov/pub/data/nidis/geojson/us/usdm-tiff/wgs84-tiff/USDM_20170328.tif
20170411,exists,c:\Users\chaud\Desktop\repositories\wildfire-severity-v2\data\raw\drought\usdm_tiff\USDM_20170411.tif,https://www.ncei.noaa.gov/pub/data/nidis/geojson/us/usdm-tiff/wgs84-tiff/USDM_20170411.tif
20170418,exists,c:\Users\chaud\Desktop\repositories\wildfire-severity-v2\data\raw\drought\usdm_tiff\USDM_20170418.tif,https://www.ncei.noaa.gov/pub/data/nidis/geojson/us/usdm-tiff/wgs84-tiff/USDM_20170418.tif
20170425,exists,c:\Users\chaud\Desktop\repositories\wildfire-severity-v2\data\raw\drought\usdm_tiff\USDM_20170425.tif,https://www.ncei.noaa.gov/pub/data/nidis/geojson/us/usdm-tiff/wgs84-tiff/USDM_20170425.tif
20170502,exists,c:\Users\chaud\Desktop\repositories\wildfire-severity-v2\data\raw\drought\usdm_tiff\USDM_20170502.tif,https://www.ncei.noaa.gov/pub/data/nidis/geojson/us/usdm-tiff/wgs84-tiff/USDM_20170502.tif
20170509,exists,c:\Users\chaud\Desktop\repositories\wildfire-severity-v2\data\raw\drought\usdm_tiff\USDM_20170509.tif,https://www.ncei.noaa.gov/pub/data/nidis/geojson/us/usdm-tiff/wgs84-tiff/USDM_20170509.tif
20170516,exists,c:\Users\chaud\Desktop\repositories\wildfire-severity-v2\data\raw\drought\usdm_tiff\USDM_20170516.tif,https://www.ncei.noaa.gov/pub/data/nidis/geojson/us/usdm-tiff/wgs84-tiff/USDM_20170516.tif
20170523,exists,c:\Users\chaud\Desktop\repositories\wildfire-severity-v2\data\raw\drought\usdm_tiff\USDM_20170523.tif,https://www.ncei.noaa.gov/pub/data/nidis/geojson/us/usdm-tiff/wgs84-tiff/USDM_20170523.tif
20170530,exists,c:\Users\chaud\Desktop\repositories\wildfire-severity-v2\data\raw\drought\usdm_tiff\USDM_20170530.tif,https://www.ncei.noaa.gov/pub/data/nidis/geojson/us/usdm-tiff/wgs84-tiff/USDM_20170530.tif
20170606,exists,c:\Users\chaud\Desktop\repositories\wildfire-severity-v2\data\raw\drought\usdm_tiff\USDM_20170606.tif,https://www.ncei.noaa.gov/pub/data/nidis/geojson/us/usdm-tiff/wgs84-tiff/USDM_20170606.tif
20170613,exists,c:\Users\chaud\Desktop\repositories\wildfire-severity-v2\data\raw\drought\usdm_tiff\USDM_20170613.tif,https://www.ncei.noaa.gov/pub/data/nidis/geojson/us/usdm-tiff/wgs84-tiff/USDM_20170613.tif
20170620,exists,c:\Users\chaud\Desktop\repositories\wildfire-severity-v2\data\raw\drought\usdm_tiff\USDM_20170620.tif,https://www.ncei.noaa.gov/pub/data/nidis/geojson/us/usdm-tiff/wgs84-tiff/USDM_20170620.tif
20170627,exists,c:\Users\chaud\Desktop\repositories\wildfire-severity-v2\data\raw\drought\usdm_tiff\USDM_20170627.tif,https://www.ncei.noaa.gov/pub/data/nidis/geojson/us/usdm-tiff/wgs84-tiff/USDM_20170627.tif
20170704,exists,c:\Users\chaud\Desktop\repositories\wildfire-severity-v2\data\raw\drought\usdm_tiff\USDM_20170704.tif,https://www.ncei.noaa.gov/pub/data/nidis/geojson/us/usdm-tiff/wgs84-tiff/USDM_20170704.tif
20170711,exists,c:\Users\chaud\Desktop\repositories\wildfire-severity-v2\data\raw\drought\usdm_tiff\USDM_20170711.tif,https://www.ncei.noaa.gov/pub/data/nidis/geojson/us/usdm-tiff/wgs84-tiff/USDM_20170711.tif
20170718,exists,c:\Users\chaud\Desktop\repositories\wildfire-severity-v2\data\raw\drought\usdm_tiff\USDM_20170718.tif,https://www.ncei.noaa.gov/pub/data/nidis/geojson/us/usdm-tiff/wgs84-tiff/USDM_20170718.tif
20170725,exists,c:\Users\chaud\Desktop\repositories\wildfire-severity-v2\data\raw\drought\usdm_tiff\USDM_20170725.tif,https://www.ncei.noaa.gov/pub/data/nidis/geojson/us/usdm-tiff/wgs84-tiff/USDM_20170725.tif
20170801,exists,c:\Users\chaud\Desktop\repositories\wildfire-severity-v2\data\raw\drought\usdm_tiff\USDM_20170801.tif,https://www.ncei.noaa.gov/pub/data/nidis/geojson/us/usdm-tiff/wgs84-tiff/USDM_20170801.tif
20170808,exists,c:\Users\chaud\Desktop\repositories\wildfire-severity-v2\data\raw\drought\usdm_tiff\USDM_20170808.tif,https://www.ncei.noaa.gov/pub/data/nidis/geojson/us/usdm-tiff/wgs84-tiff/USDM_20170808.tif
20170815,exists,c:\Users\chaud\Desktop\repositories\wildfire-severity-v2\data\raw\drought\usdm_tiff\USDM_20170815.tif,https://www.ncei.noaa.gov/pub/data/nidis/geojson/us/usdm-tiff/wgs84-tiff/USDM_20170815.tif
20170822,exists,c:\Users\chaud\Desktop\repositories\wildfire-severity-v2\data\raw\drought\usdm_tiff\USDM_20170822.tif,https://www.ncei.noaa.gov/pub/data/nidis/geojson/us/usdm-tiff/wgs84-tiff/USDM_20170822.tif
20170829,exists,c:\Users\chaud\Desktop\repositories\wildfire-severity-v2\data\raw\drought\usdm_tiff\USDM_20170829.tif,https://www.ncei.noaa.gov/pub/data/nidis/geojson/us/usdm-tiff/wgs84-tiff/USDM_20170829.tif
20170905,exists,c:\Users\chaud\Desktop\repositories\wildfire-severity-v2\data\raw\drought\usdm_tiff\USDM_20170905.tif,https://www.ncei.noaa.gov/pub/data/nidis/geojson/us/usdm-tiff/wgs84-tiff/USDM_20170905.tif
20170912,exists,c:\Users\chaud\Desktop\repositories\wildfire-severity-v2\data\raw\drought\usdm_tiff\USDM_20170912.tif,https://www.ncei.noaa.gov/pub/data/nidis/geojson/us/usdm-tiff/wgs84-tiff/USDM_20170912.tif
20170919,exists,c:\Users\chaud\Desktop\repositories\wildfire-severity-v2\data\raw\drought\usdm_tiff\USDM_20170919.tif,https://www.ncei.noaa.gov/pub/data/nidis/geojson/us/usdm-tiff/wgs84-tiff/USDM_20170919.tif
20170926,exists,c:\Users\chaud\Desktop\repositories\wildfire-severity-v2\data\raw\drought\usdm_tiff\USDM_20170926.tif,https://www.ncei.noaa.gov/pub/data/nidis/geojson/us/usdm-tiff/wgs84-tiff/USDM_20170926.tif
20171003,exists,c:\Users\chaud\Desktop\repositories\wildfire-severity-v2\data\raw\drought\usdm_tiff\USDM_20171003.tif,https://www.ncei.noaa.gov/pub/data/nidis/geojson/us/usdm-tiff/wgs84-tiff/USDM_20171003.tif
20171010,exists,c:\Users\chaud\Desktop\repositories\wildfire-severity-v2\data\raw\drought\usdm_tiff\USDM_20171010.tif,https://www.ncei.noaa.gov/pub/data/nidis/geojson/us/usdm-tiff/wgs84-tiff/USDM_20171010.tif
20171017,exists,c:\Users\chaud\Desktop\repositories\wildfire-severity-v2\data\raw\drought\usdm_tiff\USDM_20171017.tif,https://www.ncei.noaa.gov/pub/data/nidis/geojson/us/usdm-tiff/wgs84-tiff/USDM_20171017.tif
20171024,exists,c:\Users\chaud\Desktop\repositories\wildfire-severity-v2\data\raw\drought\usdm_tiff\USDM_20171024.tif,https://www.ncei.noaa.gov/pub/data/nidis/geojson/us/usdm-tiff/wgs84-tiff/USDM_20171024.tif
20171031,exists,c:\Users\chaud\Desktop\repositories\wildfire-severity-v2\data\raw\drought\usdm_tiff\USDM_20171031.tif,https://www.ncei.noaa.gov/pub/data/nidis/geojson/us/usdm-tiff/wgs84-tiff/USDM_20171031.tif
20171107,exists,c:\Users\chaud\Desktop\repositories\wildfire-severity-v2\data\raw\drought\usdm_tiff\USDM_20171107.tif,https://www.ncei.noaa.gov/pub/data/nidis/geojson/us/usdm-tiff/wgs84-tiff/USDM_20171107.tif
20171121,exists,c:\Users\chaud\Desktop\repositories\wildfire-severity-v2\data\raw\drought\usdm_tiff\USDM_20171121.tif,https://www.ncei.noaa.gov/pub/data/nidis/geojson/us/usdm-tiff/wgs84-tiff/USDM_20171121.tif
20171128,exists,c:\Users\chaud\Desktop\repositories\wildfire-severity-v2\data\raw\drought\usdm_tiff\USDM_20171128.tif,https://www.ncei.noaa.gov/pub/data/nidis/geojson/us/usdm-tiff/wgs84-tiff/USDM_20171128.tif
20171205,exists,c:\Users\chaud\Desktop\repositories\wildfire-severity-v2\data\raw\drought\usdm_tiff\USDM_20171205.tif,https://www.ncei.noaa.gov/pub/data/nidis/geojson/us/usdm-tiff/wgs84-tiff/USDM_20171205.tif
20171212,exists,c:\Users\chaud\Desktop\repositories\wildfire-severity-v2\data\raw\drought\usdm_tiff\USDM_20171212.tif,https://www.ncei.noaa.gov/pub/data/nidis/geojson/us/usdm-tiff/wgs84-tiff/USDM_20171212.tif
20171219,exists,c:\Users\chaud\Desktop\repositories\wildfire-severity-v2\data\raw\drought\usdm_tiff\USDM_20171219.tif,https://www.ncei.noaa.gov/pub/data/nidis/geojson/us/usdm-tiff/wgs84-tiff/USDM_20171219.tif
20171226,exists,c:\Users\chaud\Desktop\repositories\wildfire-severity-v2\data\raw\drought\usdm_tiff\USDM_20171226.tif,https://www.ncei.noaa.gov/pub/data/nidis/geojson/us/usdm-tiff/wgs84-tiff/USDM_20171226.tif
20180130,exists,c:\Users\chaud\Desktop\repositories\wildfire-severity-v2\data\raw\drought\usdm_tiff\USDM_20180130.tif,https://www.ncei.noaa.gov/pub/data/nidis/geojson/us/usdm-tiff/wgs84-tiff/USDM_20180130.tif
20180213,exists,c:\Users\chaud\Desktop\repositories\wildfire-severity-v2\data\raw\drought\usdm_tiff\USDM_20180213.tif,https://www.ncei.noaa.gov/pub/data/nidis/geojson/us/usdm-tiff/wgs84-tiff/USDM_20180213.tif
20180320,exists,c:\Users\chaud\Desktop\repositories\wildfire-severity-v2\data\raw\drought\usdm_tiff\USDM_20180320.tif,https://www.ncei.noaa.gov/pub/data/nidis/geojson/us/usdm-tiff/wgs84-tiff/USDM_20180320.tif
20180403,exists,c:\Users\chaud\Desktop\repositories\wildfire-severity-v2\data\raw\drought\usdm_tiff\USDM_20180403.tif,https://www.ncei.noaa.gov/pub/data/nidis/geojson/us/usdm-tiff/wgs84-tiff/USDM_20180403.tif
20180410,exists,c:\Users\chaud\Desktop\repositories\wildfire-severity-v2\data\raw\drought\usdm_tiff\USDM_20180410.tif,https://www.ncei.noaa.gov/pub/data/nidis/geojson/us/usdm-tiff/wgs84-tiff/USDM_20180410.tif
20180417,exists,c:\Users\chaud\Desktop\repositories\wildfire-severity-v2\data\raw\drought\usdm_tiff\USDM_20180417.tif,https://www.ncei.noaa.gov/pub/data/nidis/geojson/us/usdm-tiff/wgs84-tiff/USDM_20180417.tif
20180424,exists,c:\Users\chaud\Desktop\repositories\wildfire-severity-v2\data\raw\drought\usdm_tiff\USDM_20180424.tif,https://www.ncei.noaa.gov/pub/data/nidis/geojson/us/usdm-tiff/wgs84-tiff/USDM_20180424.tif
20180501,exists,c:\Users\chaud\Desktop\repositories\wildfire-severity-v2\data\raw\drought\usdm_tiff\USDM_20180501.tif,https://www.ncei.noaa.gov/pub/data/nidis/geojson/us/usdm-tiff/wgs84-tiff/USDM_20180501.tif
20180508,exists,c:\Users\chaud\Desktop\repositories\wildfire-severity-v2\data\raw\drought\usdm_tiff\USDM_20180508.tif,https://www.ncei.noaa.gov/pub/data/nidis/geojson/us/usdm-tiff/wgs84-tiff/USDM_20180508.tif
20180515,exists,c:\Users\chaud\Desktop\repositories\wildfire-severity-v2\data\raw\drought\usdm_tiff\USDM_20180515.tif,https://www.ncei.noaa.gov/pub/data/nidis/geojson/us/usdm-tiff/wgs84-tiff/USDM_20180515.tif
20180522,exists,c:\Users\chaud\Desktop\repositories\wildfire-severity-v2\data\raw\drought\usdm_tiff\USDM_20180522.tif,https://www.ncei.noaa.gov/pub/data/nidis/geojson/us/usdm-tiff/wgs84-tiff/USDM_20180522.tif
20180529,exists,c:\Users\chaud\Desktop\repositories\wildfire-severity-v2\data\raw\drought\usdm_tiff\USDM_20180529.tif,https://www.ncei.noaa.gov/pub/data/nidis/geojson/us/usdm-tiff/wgs84-tiff/USDM_20180529.tif
20180605,exists,c:\Users\chaud\Desktop\repositories\wildfire-severity-v2\data\raw\drought\usdm_tiff\USDM_20180605.tif,https://www.ncei.noaa.gov/pub/data/nidis/geojson/us/usdm-tiff/wgs84-tiff/USDM_20180605.tif
20180612,exists,c:\Users\chaud\Desktop\repositories\wildfire-severity-v2\data\raw\drought\usdm_tiff\USDM_20180612.tif,https://www.ncei.noaa.gov/pub/data/nidis/geojson/us/usdm-tiff/wgs84-tiff/USDM_20180612.tif
20180619,exists,c:\Users\chaud\Desktop\repositories\wildfire-severity-v2\data\raw\drought\usdm_tiff\USDM_20180619.tif,https://www.ncei.noaa.gov/pub/data/nidis/geojson/us/usdm-tiff/wgs84-tiff/USDM_20180619.tif
20180626,exists,c:\Users\chaud\Desktop\repositories\wildfire-severity-v2\data\raw\drought\usdm_tiff\USDM_20180626.tif,https://www.ncei.noaa.gov/pub/data/nidis/geojson/us/usdm-tiff/wgs84-tiff/USDM_20180626.tif
20180703,exists,c:\Users\chaud\Desktop\repositories\wildfire-severity-v2\data\raw\drought\usdm_tiff\USDM_20180703.tif,https://www.ncei.noaa.gov/pub/data/nidis/geojson/us/usdm-tiff/wgs84-tiff/USDM_20180703.tif
20180710,exists,c:\Users\chaud\Desktop\repositories\wildfire-severity-v2\data\raw\drought\usdm_tiff\USDM_20180710.tif,https://www.ncei.noaa.gov/pub/data/nidis/geojson/us/usdm-tiff/wgs84-tiff/USDM_20180710.tif
20180717,exists,c:\Users\chaud\Desktop\repositories\wildfire-severity-v2\data\raw\drought\usdm_tiff\USDM_20180717.tif,https://www.ncei.noaa.gov/pub/data/nidis/geojson/us/usdm-tiff/wgs84-tiff/USDM_20180717.tif
20180724,exists,c:\Users\chaud\Desktop\repositories\wildfire-severity-v2\data\raw\drought\usdm_tiff\USDM_20180724.tif,https://www.ncei.noaa.gov/pub/data/nidis/geojson/us/usdm-tiff/wgs84-tiff/USDM_20180724.tif
20180731,exists,c:\Users\chaud\Desktop\repositories\wildfire-severity-v2\data\raw\drought\usdm_tiff\USDM_20180731.tif,https://www.ncei.noaa.gov/pub/data/nidis/geojson/us/usdm-tiff/wgs84-tiff/USDM_20180731.tif
20180807,exists,c:\Users\chaud\Desktop\repositories\wildfire-severity-v2\data\raw\drought\usdm_tiff\USDM_20180807.tif,https://www.ncei.noaa.gov/pub/data/nidis/geojson/us/usdm-tiff/wgs84-tiff/USDM_20180807.tif
20180814,exists,c:\Users\chaud\Desktop\repositories\wildfire-severity-v2\data\raw\drought\usdm_tiff\USDM_20180814.tif,https://www.ncei.noaa.gov/pub/data/nidis/geojson/us/usdm-tiff/wgs84-tiff/USDM_20180814.tif
20180821,exists,c:\Users\chaud\Desktop\repositories\wildfire-severity-v2\data\raw\drought\usdm_tiff\USDM_20180821.tif,https://www.ncei.noaa.gov/pub/data/nidis/geojson/us/usdm-tiff/wgs84-tiff/USDM_20180821.tif
20180828,exists,c:\Users\chaud\Desktop\repositories\wildfire-severity-v2\data\raw\drought\usdm_tiff\USDM_20180828.tif,https://www.ncei.noaa.gov/pub/data/nidis/geojson/us/usdm-tiff/wgs84-tiff/USDM_20180828.tif
20180904,exists,c:\Users\chaud\Desktop\repositories\wildfire-severity-v2\data\raw\drought\usdm_tiff\USDM_20180904.tif,https://www.ncei.noaa.gov/pub/data/nidis/geojson/us/usdm-tiff/wgs84-tiff/USDM_20180904.tif
20180911,exists,c:\Users\chaud\Desktop\repositories\wildfire-severity-v2\data\raw\drought\usdm_tiff\USDM_20180911.tif,https://www.ncei.noaa.gov/pub/data/nidis/geojson/us/usdm-tiff/wgs84-tiff/USDM_20180911.tif
20180918,exists,c:\Users\chaud\Desktop\repositories\wildfire-severity-v2\data\raw\drought\usdm_tiff\USDM_20180918.tif,https://www.ncei.noaa.gov/pub/data/nidis/geojson/us/usdm-tiff/wgs84-tiff/USDM_20180918.tif
20180925,exists,c:\Users\chaud\Desktop\repositories\wildfire-severity-v2\data\raw\drought\usdm_tiff\USDM_20180925.tif,https://www.ncei.noaa.gov/pub/data/nidis/geojson/us/usdm-tiff/wgs84-tiff/USDM_20180925.tif
20181002,exists,c:\Users\chaud\Desktop\repositories\wildfire-severity-v2\data\raw\drought\usdm_tiff\USDM_20181002.tif,https://www.ncei.noaa.gov/pub/data/nidis/geojson/us/usdm-tiff/wgs84-tiff/USDM_20181002.tif
20181009,exists,c:\Users\chaud\Desktop\repositories\wildfire-severity-v2\data\raw\drought\usdm_tiff\USDM_20181009.tif,https://www.ncei.noaa.gov/pub/data/nidis/geojson/us/usdm-tiff/wgs84-tiff/USDM_20181009.tif
20181016,exists,c:\Users\chaud\Desktop\repositories\wildfire-severity-v2\data\raw\drought\usdm_tiff\USDM_20181016.tif,https://www.ncei.noaa.gov/pub/data/nidis/geojson/us/usdm-tiff/wgs84-tiff/USDM_20181016.tif
20181023,exists,c:\Users\chaud\Desktop\repositories\wildfire-severity-v2\data\raw\drought\usdm_tiff\USDM_20181023.tif,https://www.ncei.noaa.gov/pub/data/nidis/geojson/us/usdm-tiff/wgs84-tiff/USDM_20181023.tif
20181030,exists,c:\Users\chaud\Desktop\repositories\wildfire-severity-v2\data\raw\drought\usdm_tiff\USDM_20181030.tif,https://www.ncei.noaa.gov/pub/data/nidis/geojson/us/usdm-tiff/wgs84-tiff/USDM_20181030.tif
20181106,exists,c:\Users\chaud\Desktop\repositories\wildfire-severity-v2\data\raw\drought\usdm_tiff\USDM_20181106.tif,https://www.ncei.noaa.gov/pub/data/nidis/geojson/us/usdm-tiff/wgs84-tiff/USDM_20181106.tif
20181113,exists,c:\Users\chaud\Desktop\repositories\wildfire-severity-v2\data\raw\drought\usdm_tiff\USDM_20181113.tif,https://www.ncei.noaa.gov/pub/data/nidis/geojson/us/usdm-tiff/wgs84-tiff/USDM_20181113.tif
20181225,exists,c:\Users\chaud\Desktop\repositories\wildfire-severity-v2\data\raw\drought\usdm_tiff\USDM_20181225.tif,https://www.ncei.noaa.gov/pub/data/nidis/geojson/us/usdm-tiff/wgs84-tiff/USDM_20181225.tif
20190423,exists,c:\Users\chaud\Desktop\repositories\wildfire-severity-v2\data\raw\drought\usdm_tiff\USDM_20190423.tif,https://www.ncei.noaa.gov/pub/data/nidis/geojson/us/usdm-tiff/wgs84-tiff/USDM_20190423.tif
20190430,exists,c:\Users\chaud\Desktop\repositories\wildfire-severity-v2\data\raw\drought\usdm_tiff\USDM_20190430.tif,https://www.ncei.noaa.gov/pub/data/nidis/geojson/us/usdm-tiff/wgs84-tiff/USDM_20190430.tif
20190507,exists,c:\Users\chaud\Desktop\repositories\wildfire-severity-v2\data\raw\drought\usdm_tiff\USDM_20190507.tif,https://www.ncei.noaa.gov/pub/data/nidis/geojson/us/usdm-tiff/wgs84-tiff/USDM_20190507.tif
20190514,exists,c:\Users\chaud\Desktop\repositories\wildfire-severity-v2\data\raw\drought\usdm_tiff\USDM_20190514.tif,https://www.ncei.noaa.gov/pub/data/nidis/geojson/us/usdm-tiff/wgs84-tiff/USDM_20190514.tif
20190521,exists,c:\Users\chaud\Desktop\repositories\wildfire-severity-v2\data\raw\drought\usdm_tiff\USDM_20190521.tif,https://www.ncei.noaa.gov/pub/data/nidis/geojson/us/usdm-tiff/wgs84-tiff/USDM_20190521.tif
20190528,exists,c:\Users\chaud\Desktop\repositories\wildfire-severity-v2\data\raw\drought\usdm_tiff\USDM_20190528.tif,https://www.ncei.noaa.gov/pub/data/nidis/geojson/us/usdm-tiff/wgs84-tiff/USDM_20190528.tif
20190604,exists,c:\Users\chaud\Desktop\repositories\wildfire-severity-v2\data\raw\drought\usdm_tiff\USDM_20190604.tif,https://www.ncei.noaa.gov/pub/data/nidis/geojson/us/usdm-tiff/wgs84-tiff/USDM_20190604.tif
20190611,exists,c:\Users\chaud\Desktop\repositories\wildfire-severity-v2\data\raw\drought\usdm_tiff\USDM_20190611.tif,https://www.ncei.noaa.gov/pub/data/nidis/geojson/us/usdm-tiff/wgs84-tiff/USDM_20190611.tif
20190618,exists,c:\Users\chaud\Desktop\repositories\wildfire-severity-v2\data\raw\drought\usdm_tiff\USDM_20190618.tif,https://www.ncei.noaa.gov/pub/data/nidis/geojson/us/usdm-tiff/wgs84-tiff/USDM_20190618.tif
20190625,exists,c:\Users\chaud\Desktop\repositories\wildfire-severity-v2\data\raw\drought\usdm_tiff\USDM_20190625.tif,https://www.ncei.noaa.gov/pub/data/nidis/geojson/us/usdm-tiff/wgs84-tiff/USDM_20190625.tif
20190702,exists,c:\Users\chaud\Desktop\repositories\wildfire-severity-v2\data\raw\drought\usdm_tiff\USDM_20190702.tif,https://www.ncei.noaa.gov/pub/data/nidis/geojson/us/usdm-tiff/wgs84-tiff/USDM_20190702.tif
20190709,exists,c:\Users\chaud\Desktop\repositories\wildfire-severity-v2\data\raw\drought\usdm_tiff\USDM_20190709.tif,https://www.ncei.noaa.gov/pub/data/nidis/geojson/us/usdm-tiff/wgs84-tiff/USDM_20190709.tif
20190716,exists,c:\Users\chaud\Desktop\repositories\wildfire-severity-v2\data\raw\drought\usdm_tiff\USDM_20190716.tif,https://www.ncei.noaa.gov/pub/data/nidis/geojson/us/usdm-tiff/wgs84-tiff/USDM_20190716.tif
20190723,exists,c:\Users\chaud\Desktop\repositories\wildfire-severity-v2\data\raw\drought\usdm_tiff\USDM_20190723.tif,https://www.ncei.noaa.gov/pub/data/nidis/geojson/us/usdm-tiff/wgs84-tiff/USDM_20190723.tif
20190730,exists,c:\Users\chaud\Desktop\repositories\wildfire-severity-v2\data\raw\drought\usdm_tiff\USDM_20190730.tif,https://www.ncei.noaa.gov/pub/data/nidis/geojson/us/usdm-tiff/wgs84-tiff/USDM_20190730.tif
20190806,exists,c:\Users\chaud\Desktop\repositories\wildfire-severity-v2\data\raw\drought\usdm_tiff\USDM_20190806.tif,https://www.ncei.noaa.gov/pub/data/nidis/geojson/us/usdm-tiff/wgs84-tiff/USDM_20190806.tif
20190813,exists,c:\Users\chaud\Desktop\repositories\wildfire-severity-v2\data\raw\drought\usdm_tiff\USDM_20190813.tif,https://www.ncei.noaa.gov/pub/data/nidis/geojson/us/usdm-tiff/wgs84-tiff/USDM_20190813.tif
20190820,exists,c:\Users\chaud\Desktop\repositories\wildfire-severity-v2\data\raw\drought\usdm_tiff\USDM_20190820.tif,https://www.ncei.noaa.gov/pub/data/nidis/geojson/us/usdm-tiff/wgs84-tiff/USDM_20190820.tif
20190827,exists,c:\Users\chaud\Desktop\repositories\wildfire-severity-v2\data\raw\drought\usdm_tiff\USDM_20190827.tif,https://www.ncei.noaa.gov/pub/data/nidis/geojson/us/usdm-tiff/wgs84-tiff/USDM_20190827.tif
20190903,exists,c:\Users\chaud\Desktop\repositories\wildfire-severity-v2\data\raw\drought\usdm_tiff\USDM_20190903.tif,https://www.ncei.noaa.gov/pub/data/nidis/geojson/us/usdm-tiff/wgs84-tiff/USDM_20190903.tif
20190910,exists,c:\Users\chaud\Desktop\repositories\wildfire-severity-v2\data\raw\drought\usdm_tiff\USDM_20190910.tif,https://www.ncei.noaa.gov/pub/data/nidis/geojson/us/usdm-tiff/wgs84-tiff/USDM_20190910.tif
20190917,exists,c:\Users\chaud\Desktop\repositories\wildfire-severity-v2\data\raw\drought\usdm_tiff\USDM_20190917.tif,https://www.ncei.noaa.gov/pub/data/nidis/geojson/us/usdm-tiff/wgs84-tiff/USDM_20190917.tif
20190924,exists,c:\Users\chaud\Desktop\repositories\wildfire-severity-v2\data\raw\drought\usdm_tiff\USDM_20190924.tif,https://www.ncei.noaa.gov/pub/data/nidis/geojson/us/usdm-tiff/wgs84-tiff/USDM_20190924.tif
20191001,exists,c:\Users\chaud\Desktop\repositories\wildfire-severity-v2\data\raw\drought\usdm_tiff\USDM_20191001.tif,https://www.ncei.noaa.gov/pub/data/nidis/geojson/us/usdm-tiff/wgs84-tiff/USDM_20191001.tif
20191008,exists,c:\Users\chaud\Desktop\repositories\wildfire-severity-v2\data\raw\drought\usdm_tiff\USDM_20191008.tif,https://www.ncei.noaa.gov/pub/data/nidis/geojson/us/usdm-tiff/wgs84-tiff/USDM_20191008.tif
20191015,exists,c:\Users\chaud\Desktop\repositories\wildfire-severity-v2\data\raw\drought\usdm_tiff\USDM_20191015.tif,https://www.ncei.noaa.gov/pub/data/nidis/geojson/us/usdm-tiff/wgs84-tiff/USDM_20191015.tif
20191022,exists,c:\Users\chaud\Desktop\repositories\wildfire-severity-v2\data\raw\drought\usdm_tiff\USDM_20191022.tif,https://www.ncei.noaa.gov/pub/data/nidis/geojson/us/usdm-tiff/wgs84-tiff/USDM_20191022.tif
20191029,exists,c:\Users\chaud\Desktop\repositories\wildfire-severity-v2\data\raw\drought\usdm_tiff\USDM_20191029.tif,https://www.ncei.noaa.gov/pub/data/nidis/geojson/us/usdm-tiff/wgs84-tiff/USDM_20191029.tif
20191119,exists,c:\Users\chaud\Desktop\repositories\wildfire-severity-v2\data\raw\drought\usdm_tiff\USDM_20191119.tif,https://www.ncei.noaa.gov/pub/data/nidis/geojson/us/usdm-tiff/wgs84-tiff/USDM_20191119.tif
20200211,exists,c:\Users\chaud\Desktop\repositories\wildfire-severity-v2\data\raw\drought\usdm_tiff\USDM_20200211.tif,https://www.ncei.noaa.gov/pub/data/nidis/geojson/us/usdm-tiff/wgs84-tiff/USDM_20200211.tif
20200218,exists,c:\Users\chaud\Desktop\repositories\wildfire-severity-v2\data\raw\drought\usdm_tiff\USDM_20200218.tif,https://www.ncei.noaa.gov/pub/data/nidis/geojson/us/usdm-tiff/wgs84-tiff/USDM_20200218.tif
20200225,exists,c:\Users\chaud\Desktop\repositories\wildfire-severity-v2\data\raw\drought\usdm_tiff\USDM_20200225.tif,https://www.ncei.noaa.gov/pub/data/nidis/geojson/us/usdm-tiff/wgs84-tiff/USDM_20200225.tif
20200303,exists,c:\Users\chaud\Desktop\repositories\wildfire-severity-v2\data\raw\drought\usdm_tiff\USDM_20200303.tif,https://www.ncei.noaa.gov/pub/data/nidis/geojson/us/usdm-tiff/wgs84-tiff/USDM_20200303.tif
20200331,exists,c:\Users\chaud\Desktop\repositories\wildfire-severity-v2\data\raw\drought\usdm_tiff\USDM_20200331.tif,https://www.ncei.noaa.gov/pub/data/nidis/geojson/us/usdm-tiff/wgs84-tiff/USDM_20200331.tif
20200421,exists,c:\Users\chaud\Desktop\repositories\wildfire-severity-v2\data\raw\drought\usdm_tiff\USDM_20200421.tif,https://www.ncei.noaa.gov/pub/data/nidis/geojson/us/usdm-tiff/wgs84-tiff/USDM_20200421.tif
20200428,exists,c:\Users\chaud\Desktop\repositories\wildfire-severity-v2\data\raw\drought\usdm_tiff\USDM_20200428.tif,https://www.ncei.noaa.gov/pub/data/nidis/geojson/us/usdm-tiff/wgs84-tiff/USDM_20200428.tif
20200505,exists,c:\Users\chaud\Desktop\repositories\wildfire-severity-v2\data\raw\drought\usdm_tiff\USDM_20200505.tif,https://www.ncei.noaa.gov/pub/data/nidis/geojson/us/usdm-tiff/wgs84-tiff/USDM_20200505.tif
20200512,exists,c:\Users\chaud\Desktop\repositories\wildfire-severity-v2\data\raw\drought\usdm_tiff\USDM_20200512.tif,https://www.ncei.noaa.gov/pub/data/nidis/geojson/us/usdm-tiff/wgs84-tiff/USDM_20200512.tif
20200519,exists,c:\Users\chaud\Desktop\repositories\wildfire-severity-v2\data\raw\drought\usdm_tiff\USDM_20200519.tif,https://www.ncei.noaa.gov/pub/data/nidis/geojson/us/usdm-tiff/wgs84-tiff/USDM_20200519.tif
20200526,exists,c:\Users\chaud\Desktop\repositories\wildfire-severity-v2\data\raw\drought\usdm_tiff\USDM_20200526.tif,https://www.ncei.noaa.gov/pub/data/nidis/geojson/us/usdm-tiff/wgs84-tiff/USDM_20200526.tif
20200602,exists,c:\Users\chaud\Desktop\repositories\wildfire-severity-v2\data\raw\drought\usdm_tiff\USDM_20200602.tif,https://www.ncei.noaa.gov/pub/data/nidis/geojson/us/usdm-tiff/wgs84-tiff/USDM_20200602.tif
20200609,exists,c:\Users\chaud\Desktop\repositories\wildfire-severity-v2\data\raw\drought\usdm_tiff\USDM_20200609.tif,https://www.ncei.noaa.gov/pub/data/nidis/geojson/us/usdm-tiff/wgs84-tiff/USDM_20200609.tif
20200616,exists,c:\Users\chaud\Desktop\repositories\wildfire-severity-v2\data\raw\drought\usdm_tiff\USDM_20200616.tif,https://www.ncei.noaa.gov/pub/data/nidis/geojson/us/usdm-tiff/wgs84-tiff/USDM_20200616.tif
20200623,exists,c:\Users\chaud\Desktop\repositories\wildfire-severity-v2\data\raw\drought\usdm_tiff\USDM_20200623.tif,https://www.ncei.noaa.gov/pub/data/nidis/geojson/us/usdm-tiff/wgs84-tiff/USDM_20200623.tif
20200630,exists,c:\Users\chaud\Desktop\repositories\wildfire-severity-v2\data\raw\drought\usdm_tiff\USDM_20200630.tif,https://www.ncei.noaa.gov/pub/data/nidis/geojson/us/usdm-tiff/wgs84-tiff/USDM_20200630.tif
20200707,exists,c:\Users\chaud\Desktop\repositories\wildfire-severity-v2\data\raw\drought\usdm_tiff\USDM_20200707.tif,https://www.ncei.noaa.gov/pub/data/nidis/geojson/us/usdm-tiff/wgs84-tiff/USDM_20200707.tif
20200714,exists,c:\Users\chaud\Desktop\repositories\wildfire-severity-v2\data\raw\drought\usdm_tiff\USDM_20200714.tif,https://www.ncei.noaa.gov/pub/data/nidis/geojson/us/usdm-tiff/wgs84-tiff/USDM_20200714.tif
20200721,exists,c:\Users\chaud\Desktop\repositories\wildfire-severity-v2\data\raw\drought\usdm_tiff\USDM_20200721.tif,https://www.ncei.noaa.gov/pub/data/nidis/geojson/us/usdm-tiff/wgs84-tiff/USDM_20200721.tif
20200728,exists,c:\Users\chaud\Desktop\repositories\wildfire-severity-v2\data\raw\drought\usdm_tiff\USDM_20200728.tif,https://www.ncei.noaa.gov/pub/data/nidis/geojson/us/usdm-tiff/wgs84-tiff/USDM_20200728.tif
20200804,exists,c:\Users\chaud\Desktop\repositories\wildfire-severity-v2\data\raw\drought\usdm_tiff\USDM_20200804.tif,https://www.ncei.noaa.gov/pub/data/nidis/geojson/us/usdm-tiff/wgs84-tiff/USDM_20200804.tif
20200811,exists,c:\Users\chaud\Desktop\repositories\wildfire-severity-v2\data\raw\drought\usdm_tiff\USDM_20200811.tif,https://www.ncei.noaa.gov/pub/data/nidis/geojson/us/usdm-tiff/wgs84-tiff/USDM_20200811.tif
20200818,exists,c:\Users\chaud\Desktop\repositories\wildfire-severity-v2\data\raw\drought\usdm_tiff\USDM_20200818.tif,https://www.ncei.noaa.gov/pub/data/nidis/geojson/us/usdm-tiff/wgs84-tiff/USDM_20200818.tif
20200825,exists,c:\Users\chaud\Desktop\repositories\wildfire-severity-v2\data\raw\drought\usdm_tiff\USDM_20200825.tif,https://www.ncei.noaa.gov/pub/data/nidis/geojson/us/usdm-tiff/wgs84-tiff/USDM_20200825.tif
20200901,exists,c:\Users\chaud\Desktop\repositories\wildfire-severity-v2\data\raw\drought\usdm_tiff\USDM_20200901.tif,https://www.ncei.noaa.gov/pub/data/nidis/geojson/us/usdm-tiff/wgs84-tiff/USDM_20200901.tif
20200908,exists,c:\Users\chaud\Desktop\repositories\wildfire-severity-v2\data\raw\drought\usdm_tiff\USDM_20200908.tif,https://www.ncei.noaa.gov/pub/data/nidis/geojson/us/usdm-tiff/wgs84-tiff/USDM_20200908.tif
20200915,exists,c:\Users\chaud\Desktop\repositories\wildfire-severity-v2\data\raw\drought\usdm_tiff\USDM_20200915.tif,https://www.ncei.noaa.gov/pub/data/nidis/geojson/us/usdm-tiff/wgs84-tiff/USDM_20200915.tif
20200922,exists,c:\Users\chaud\Desktop\repositories\wildfire-severity-v2\data\raw\drought\usdm_tiff\USDM_20200922.tif,https://www.ncei.noaa.gov/pub/data/nidis/geojson/us/usdm-tiff/wgs84-tiff/USDM_20200922.tif
20200929,exists,c:\Users\chaud\Desktop\repositories\wildfire-severity-v2\data\raw\drought\usdm_tiff\USDM_20200929.tif,https://www.ncei.noaa.gov/pub/data/nidis/geojson/us/usdm-tiff/wgs84-tiff/USDM_20200929.tif
20201006,exists,c:\Users\chaud\Desktop\repositories\wildfire-severity-v2\data\raw\drought\usdm_tiff\USDM_20201006.tif,https://www.ncei.noaa.gov/pub/data/nidis/geojson/us/usdm-tiff/wgs84-tiff/USDM_20201006.tif
20201013,exists,c:\Users\chaud\Desktop\repositories\wildfire-severity-v2\data\raw\drought\usdm_tiff\USDM_20201013.tif,https://www.ncei.noaa.gov/pub/data/nidis/geojson/us/usdm-tiff/wgs84-tiff/USDM_20201013.tif
20201020,exists,c:\Users\chaud\Desktop\repositories\wildfire-severity-v2\data\raw\drought\usdm_tiff\USDM_20201020.tif,https://www.ncei.noaa.gov/pub/data/nidis/geojson/us/usdm-tiff/wgs84-tiff/USDM_20201020.tif
20201027,exists,c:\Users\chaud\Desktop\repositories\wildfire-severity-v2\data\raw\drought\usdm_tiff\USDM_20201027.tif,https://www.ncei.noaa.gov/pub/data/nidis/geojson/us/usdm-tiff/wgs84-tiff/USDM_20201027.tif
20201103,exists,c:\Users\chaud\Desktop\repositories\wildfire-severity-v2\data\raw\drought\usdm_tiff\USDM_20201103.tif,https://www.ncei.noaa.gov/pub/data/nidis/geojson/us/usdm-tiff/wgs84-tiff/USDM_20201103.tif
20201110,exists,c:\Users\chaud\Desktop\repositories\wildfire-severity-v2\data\raw\drought\usdm_tiff\USDM_20201110.tif,https://www.ncei.noaa.gov/pub/data/nidis/geojson/us/usdm-tiff/wgs84-tiff/USDM_20201110.tif
20201124,exists,c:\Users\chaud\Desktop\repositories\wildfire-severity-v2\data\raw\drought\usdm_tiff\USDM_20201124.tif,https://www.ncei.noaa.gov/pub/data/nidis/geojson/us/usdm-tiff/wgs84-tiff/USDM_20201124.tif
20201201,exists,c:\Users\chaud\Desktop\repositories\wildfire-severity-v2\data\raw\drought\usdm_tiff\USDM_20201201.tif,https://www.ncei.noaa.gov/pub/data/nidis/geojson/us/usdm-tiff/wgs84-tiff/USDM_20201201.tif
20201208,exists,c:\Users\chaud\Desktop\repositories\wildfire-severity-v2\data\raw\drought\usdm_tiff\USDM_20201208.tif,https://www.ncei.noaa.gov/pub/data/nidis/geojson/us/usdm-tiff/wgs84-tiff/USDM_20201208.tif
20210112,exists,c:\Users\chaud\Desktop\repositories\wildfire-severity-v2\data\raw\drought\usdm_tiff\USDM_20210112.tif,https://www.ncei.noaa.gov/pub/data/nidis/geojson/us/usdm-tiff/wgs84-tiff/USDM_20210112.tif
20210309,exists,c:\Users\chaud\Desktop\repositories\wildfire-severity-v2\data\raw\drought\usdm_tiff\USDM_20210309.tif,https://www.ncei.noaa.gov/pub/data/nidis/geojson/us/usdm-tiff/wgs84-tiff/USDM_20210309.tif
20210323,exists,c:\Users\chaud\Desktop\repositories\wildfire-severity-v2\data\raw\drought\usdm_tiff\USDM_20210323.tif,https://www.ncei.noaa.gov/pub/data/nidis/geojson/us/usdm-tiff/wgs84-tiff/USDM_20210323.tif
20210330,exists,c:\Users\chaud\Desktop\repositories\wildfire-severity-v2\data\raw\drought\usdm_tiff\USDM_20210330.tif,https://www.ncei.noaa.gov/pub/data/nidis/geojson/us/usdm-tiff/wgs84-tiff/USDM_20210330.tif
20210406,exists,c:\Users\chaud\Desktop\repositories\wildfire-severity-v2\data\raw\drought\usdm_tiff\USDM_20210406.tif,https://www.ncei.noaa.gov/pub/data/nidis/geojson/us/usdm-tiff/wgs84-tiff/USDM_20210406.tif
20210413,exists,c:\Users\chaud\Desktop\repositories\wildfire-severity-v2\data\raw\drought\usdm_tiff\USDM_20210413.tif,https://www.ncei.noaa.gov/pub/data/nidis/geojson/us/usdm-tiff/wgs84-tiff/USDM_20210413.tif
20210420,exists,c:\Users\chaud\Desktop\repositories\wildfire-severity-v2\data\raw\drought\usdm_tiff\USDM_20210420.tif,https://www.ncei.noaa.gov/pub/data/nidis/geojson/us/usdm-tiff/wgs84-tiff/USDM_20210420.tif
20210427,exists,c:\Users\chaud\Desktop\repositories\wildfire-severity-v2\data\raw\drought\usdm_tiff\USDM_20210427.tif,https://www.ncei.noaa.gov/pub/data/nidis/geojson/us/usdm-tiff/wgs84-tiff/USDM_20210427.tif
20210504,exists,c:\Users\chaud\Desktop\repositories\wildfire-severity-v2\data\raw\drought\usdm_tiff\USDM_20210504.tif,https://www.ncei.noaa.gov/pub/data/nidis/geojson/us/usdm-tiff/wgs84-tiff/USDM_20210504.tif
20210511,exists,c:\Users\chaud\Desktop\repositories\wildfire-severity-v2\data\raw\drought\usdm_tiff\USDM_20210511.tif,https://www.ncei.noaa.gov/pub/data/nidis/geojson/us/usdm-tiff/wgs84-tiff/USDM_20210511.tif
20210518,exists,c:\Users\chaud\Desktop\repositories\wildfire-severity-v2\data\raw\drought\usdm_tiff\USDM_20210518.tif,https://www.ncei.noaa.gov/pub/data/nidis/geojson/us/usdm-tiff/wgs84-tiff/USDM_20210518.tif
20210525,exists,c:\Users\chaud\Desktop\repositories\wildfire-severity-v2\data\raw\drought\usdm_tiff\USDM_20210525.tif,https://www.ncei.noaa.gov/pub/data/nidis/geojson/us/usdm-tiff/wgs84-tiff/USDM_20210525.tif
20210601,exists,c:\Users\chaud\Desktop\repositories\wildfire-severity-v2\data\raw\drought\usdm_tiff\USDM_20210601.tif,https://www.ncei.noaa.gov/pub/data/nidis/geojson/us/usdm-tiff/wgs84-tiff/USDM_20210601.tif
20210608,exists,c:\Users\chaud\Desktop\repositories\wildfire-severity-v2\data\raw\drought\usdm_tiff\USDM_20210608.tif,https://www.ncei.noaa.gov/pub/data/nidis/geojson/us/usdm-tiff/wgs84-tiff/USDM_20210608.tif
20210615,exists,c:\Users\chaud\Desktop\repositories\wildfire-severity-v2\data\raw\drought\usdm_tiff\USDM_20210615.tif,https://www.ncei.noaa.gov/pub/data/nidis/geojson/us/usdm-tiff/wgs84-tiff/USDM_20210615.tif
20210622,exists,c:\Users\chaud\Desktop\repositories\wildfire-severity-v2\data\raw\drought\usdm_tiff\USDM_20210622.tif,https://www.ncei.noaa.gov/pub/data/nidis/geojson/us/usdm-tiff/wgs84-tiff/USDM_20210622.tif
20210629,exists,c:\Users\chaud\Desktop\repositories\wildfire-severity-v2\data\raw\drought\usdm_tiff\USDM_20210629.tif,https://www.ncei.noaa.gov/pub/data/nidis/geojson/us/usdm-tiff/wgs84-tiff/USDM_20210629.tif
20210706,exists,c:\Users\chaud\Desktop\repositories\wildfire-severity-v2\data\raw\drought\usdm_tiff\USDM_20210706.tif,https://www.ncei.noaa.gov/pub/data/nidis/geojson/us/usdm-tiff/wgs84-tiff/USDM_20210706.tif
20210713,exists,c:\Users\chaud\Desktop\repositories\wildfire-severity-v2\data\raw\drought\usdm_tiff\USDM_20210713.tif,https://www.ncei.noaa.gov/pub/data/nidis/geojson/us/usdm-tiff/wgs84-tiff/USDM_20210713.tif
20210720,exists,c:\Users\chaud\Desktop\repositories\wildfire-severity-v2\data\raw\drought\usdm_tiff\USDM_20210720.tif,https://www.ncei.noaa.gov/pub/data/nidis/geojson/us/usdm-tiff/wgs84-tiff/USDM_20210720.tif
20210727,exists,c:\Users\chaud\Desktop\repositories\wildfire-severity-v2\data\raw\drought\usdm_tiff\USDM_20210727.tif,https://www.ncei.noaa.gov/pub/data/nidis/geojson/us/usdm-tiff/wgs84-tiff/USDM_20210727.tif
20210803,exists,c:\Users\chaud\Desktop\repositories\wildfire-severity-v2\data\raw\drought\usdm_tiff\USDM_20210803.tif,https://www.ncei.noaa.gov/pub/data/nidis/geojson/us/usdm-tiff/wgs84-tiff/USDM_20210803.tif
20210810,exists,c:\Users\chaud\Desktop\repositories\wildfire-severity-v2\data\raw\drought\usdm_tiff\USDM_20210810.tif,https://www.ncei.noaa.gov/pub/data/nidis/geojson/us/usdm-tiff/wgs84-tiff/USDM_20210810.tif
20210817,exists,c:\Users\chaud\Desktop\repositories\wildfire-severity-v2\data\raw\drought\usdm_tiff\USDM_20210817.tif,https://www.ncei.noaa.gov/pub/data/nidis/geojson/us/usdm-tiff/wgs84-tiff/USDM_20210817.tif
20210824,exists,c:\Users\chaud\Desktop\repositories\wildfire-severity-v2\data\raw\drought\usdm_tiff\USDM_20210824.tif,https://www.ncei.noaa.gov/pub/data/nidis/geojson/us/usdm-tiff/wgs84-tiff/USDM_20210824.tif
20210831,exists,c:\Users\chaud\Desktop\repositories\wildfire-severity-v2\data\raw\drought\usdm_tiff\USDM_20210831.tif,https://www.ncei.noaa.gov/pub/data/nidis/geojson/us/usdm-tiff/wgs84-tiff/USDM_20210831.tif
20210907,exists,c:\Users\chaud\Desktop\repositories\wildfire-severity-v2\data\raw\drought\usdm_tiff\USDM_20210907.tif,https://www.ncei.noaa.gov/pub/data/nidis/geojson/us/usdm-tiff/wgs84-tiff/USDM_20210907.tif
20210914,exists,c:\Users\chaud\Desktop\repositories\wildfire-severity-v2\data\raw\drought\usdm_tiff\USDM_20210914.tif,https://www.ncei.noaa.gov/pub/data/nidis/geojson/us/usdm-tiff/wgs84-tiff/USDM_20210914.tif
20210928,exists,c:\Users\chaud\Desktop\repositories\wildfire-severity-v2\data\raw\drought\usdm_tiff\USDM_20210928.tif,https://www.ncei.noaa.gov/pub/data/nidis/geojson/us/usdm-tiff/wgs84-tiff/USDM_20210928.tif
20211005,exists,c:\Users\chaud\Desktop\repositories\wildfire-severity-v2\data\raw\drought\usdm_tiff\USDM_20211005.tif,https://www.ncei.noaa.gov/pub/data/nidis/geojson/us/usdm-tiff/wgs84-tiff/USDM_20211005.tif
20211012,exists,c:\Users\chaud\Desktop\repositories\wildfire-severity-v2\data\raw\drought\usdm_tiff\USDM_20211012.tif,https://www.ncei.noaa.gov/pub/data/nidis/geojson/us/usdm-tiff/wgs84-tiff/USDM_20211012.tif
20211019,exists,c:\Users\chaud\Desktop\repositories\wildfire-severity-v2\data\raw\drought\usdm_tiff\USDM_20211019.tif,https://www.ncei.noaa.gov/pub/data/nidis/geojson/us/usdm-tiff/wgs84-tiff/USDM_20211019.tif
20211116,exists,c:\Users\chaud\Desktop\repositories\wildfire-severity-v2\data\raw\drought\usdm_tiff\USDM_20211116.tif,https://www.ncei.noaa.gov/pub/data/nidis/geojson/us/usdm-tiff/wgs84-tiff/USDM_20211116.tif
20220118,exists,c:\Users\chaud\Desktop\repositories\wildfire-severity-v2\data\raw\drought\usdm_tiff\USDM_20220118.tif,https://www.ncei.noaa.gov/pub/data/nidis/geojson/us/usdm-tiff/wgs84-tiff/USDM_20220118.tif
20220208,exists,c:\Users\chaud\Desktop\repositories\wildfire-severity-v2\data\raw\drought\usdm_tiff\USDM_20220208.tif,https://www.ncei.noaa.gov/pub/data/nidis/geojson/us/usdm-tiff/wgs84-tiff/USDM_20220208.tif
20220222,exists,c:\Users\chaud\Desktop\repositories\wildfire-severity-v2\data\raw\drought\usdm_tiff\USDM_20220222.tif,https://www.ncei.noaa.gov/pub/data/nidis/geojson/us/usdm-tiff/wgs84-tiff/USDM_20220222.tif
20220301,exists,c:\Users\chaud\Desktop\repositories\wildfire-severity-v2\data\raw\drought\usdm_tiff\USDM_20220301.tif,https://www.ncei.noaa.gov/pub/data/nidis/geojson/us/usdm-tiff/wgs84-tiff/USDM_20220301.tif
20220308,exists,c:\Users\chaud\Desktop\repositories\wildfire-severity-v2\data\raw\drought\usdm_tiff\USDM_20220308.tif,https://www.ncei.noaa.gov/pub/data/nidis/geojson/us/usdm-tiff/wgs84-tiff/USDM_20220308.tif
20220322,exists,c:\Users\chaud\Desktop\repositories\wildfire-severity-v2\data\raw\drought\usdm_tiff\USDM_20220322.tif,https://www.ncei.noaa.gov/pub/data/nidis/geojson/us/usdm-tiff/wgs84-tiff/USDM_20220322.tif
20220419,exists,c:\Users\chaud\Desktop\repositories\wildfire-severity-v2\data\raw\drought\usdm_tiff\USDM_20220419.tif,https://www.ncei.noaa.gov/pub/data/nidis/geojson/us/usdm-tiff/wgs84-tiff/USDM_20220419.tif
20220426,exists,c:\Users\chaud\Desktop\repositories\wildfire-severity-v2\data\raw\drought\usdm_tiff\USDM_20220426.tif,https://www.ncei.noaa.gov/pub/data/nidis/geojson/us/usdm-tiff/wgs84-tiff/USDM_20220426.tif
20220503,exists,c:\Users\chaud\Desktop\repositories\wildfire-severity-v2\data\raw\drought\usdm_tiff\USDM_20220503.tif,https://www.ncei.noaa.gov/pub/data/nidis/geojson/us/usdm-tiff/wgs84-tiff/USDM_20220503.tif
20220510,exists,c:\Users\chaud\Desktop\repositories\wildfire-severity-v2\data\raw\drought\usdm_tiff\USDM_20220510.tif,https://www.ncei.noaa.gov/pub/data/nidis/geojson/us/usdm-tiff/wgs84-tiff/USDM_20220510.tif
20220517,exists,c:\Users\chaud\Desktop\repositories\wildfire-severity-v2\data\raw\drought\usdm_tiff\USDM_20220517.tif,https://www.ncei.noaa.gov/pub/data/nidis/geojson/us/usdm-tiff/wgs84-tiff/USDM_20220517.tif
20220524,exists,c:\Users\chaud\Desktop\repositories\wildfire-severity-v2\data\raw\drought\usdm_tiff\USDM_20220524.tif,https://www.ncei.noaa.gov/pub/data/nidis/geojson/us/usdm-tiff/wgs84-tiff/USDM_20220524.tif
20220531,exists,c:\Users\chaud\Desktop\repositories\wildfire-severity-v2\data\raw\drought\usdm_tiff\USDM_20220531.tif,https://www.ncei.noaa.gov/pub/data/nidis/geojson/us/usdm-tiff/wgs84-tiff/USDM_20220531.tif
20220607,exists,c:\Users\chaud\Desktop\repositories\wildfire-severity-v2\data\raw\drought\usdm_tiff\USDM_20220607.tif,https://www.ncei.noaa.gov/pub/data/nidis/geojson/us/usdm-tiff/wgs84-tiff/USDM_20220607.tif
20220614,exists,c:\Users\chaud\Desktop\repositories\wildfire-severity-v2\data\raw\drought\usdm_tiff\USDM_20220614.tif,https://www.ncei.noaa.gov/pub/data/nidis/geojson/us/usdm-tiff/wgs84-tiff/USDM_20220614.tif
20220621,exists,c:\Users\chaud\Desktop\repositories\wildfire-severity-v2\data\raw\drought\usdm_tiff\USDM_20220621.tif,https://www.ncei.noaa.gov/pub/data/nidis/geojson/us/usdm-tiff/wgs84-tiff/USDM_20220621.tif
20220628,exists,c:\Users\chaud\Desktop\repositories\wildfire-severity-v2\data\raw\drought\usdm_tiff\USDM_20220628.tif,https://www.ncei.noaa.gov/pub/data/nidis/geojson/us/usdm-tiff/wgs84-tiff/USDM_20220628.tif
20220705,exists,c:\Users\chaud\Desktop\repositories\wildfire-severity-v2\data\raw\drought\usdm_tiff\USDM_20220705.tif,https://www.ncei.noaa.gov/pub/data/nidis/geojson/us/usdm-tiff/wgs84-tiff/USDM_20220705.tif
20220712,exists,c:\Users\chaud\Desktop\repositories\wildfire-severity-v2\data\raw\drought\usdm_tiff\USDM_20220712.tif,https://www.ncei.noaa.gov/pub/data/nidis/geojson/us/usdm-tiff/wgs84-tiff/USDM_20220712.tif
20220719,exists,c:\Users\chaud\Desktop\repositories\wildfire-severity-v2\data\raw\drought\usdm_tiff\USDM_20220719.tif,https://www.ncei.noaa.gov/pub/data/nidis/geojson/us/usdm-tiff/wgs84-tiff/USDM_20220719.tif
20220726,exists,c:\Users\chaud\Desktop\repositories\wildfire-severity-v2\data\raw\drought\usdm_tiff\USDM_20220726.tif,https://www.ncei.noaa.gov/pub/data/nidis/geojson/us/usdm-tiff/wgs84-tiff/USDM_20220726.tif
20220802,exists,c:\Users\chaud\Desktop\repositories\wildfire-severity-v2\data\raw\drought\usdm_tiff\USDM_20220802.tif,https://www.ncei.noaa.gov/pub/data/nidis/geojson/us/usdm-tiff/wgs84-tiff/USDM_20220802.tif
20220809,exists,c:\Users\chaud\Desktop\repositories\wildfire-severity-v2\data\raw\drought\usdm_tiff\USDM_20220809.tif,https://www.ncei.noaa.gov/pub/data/nidis/geojson/us/usdm-tiff/wgs84-tiff/USDM_20220809.tif
20220816,exists,c:\Users\chaud\Desktop\repositories\wildfire-severity-v2\data\raw\drought\usdm_tiff\USDM_20220816.tif,https://www.ncei.noaa.gov/pub/data/nidis/geojson/us/usdm-tiff/wgs84-tiff/USDM_20220816.tif
20220823,exists,c:\Users\chaud\Desktop\repositories\wildfire-severity-v2\data\raw\drought\usdm_tiff\USDM_20220823.tif,https://www.ncei.noaa.gov/pub/data/nidis/geojson/us/usdm-tiff/wgs84-tiff/USDM_20220823.tif
20220830,exists,c:\Users\chaud\Desktop\repositories\wildfire-severity-v2\data\raw\drought\usdm_tiff\USDM_20220830.tif,https://www.ncei.noaa.gov/pub/data/nidis/geojson/us/usdm-tiff/wgs84-tiff/USDM_20220830.tif
20220906,exists,c:\Users\chaud\Desktop\repositories\wildfire-severity-v2\data\raw\drought\usdm_tiff\USDM_20220906.tif,https://www.ncei.noaa.gov/pub/data/nidis/geojson/us/usdm-tiff/wgs84-tiff/USDM_20220906.tif
20220913,exists,c:\Users\chaud\Desktop\repositories\wildfire-severity-v2\data\raw\drought\usdm_tiff\USDM_20220913.tif,https://www.ncei.noaa.gov/pub/data/nidis/geojson/us/usdm-tiff/wgs84-tiff/USDM_20220913.tif
20220920,exists,c:\Users\chaud\Desktop\repositories\wildfire-severity-v2\data\raw\drought\usdm_tiff\USDM_20220920.tif,https://www.ncei.noaa.gov/pub/data/nidis/geojson/us/usdm-tiff/wgs84-tiff/USDM_20220920.tif
20221018,exists,c:\Users\chaud\Desktop\repositories\wildfire-severity-v2\data\raw\drought\usdm_tiff\USDM_20221018.tif,https://www.ncei.noaa.gov/pub/data/nidis/geojson/us/usdm-tiff/wgs84-tiff/USDM_20221018.tif
20230509,exists,c:\Users\chaud\Desktop\repositories\wildfire-severity-v2\data\raw\drought\usdm_tiff\USDM_20230509.tif,https://www.ncei.noaa.gov/pub/data/nidis/geojson/us/usdm-tiff/wgs84-tiff/USDM_20230509.tif
20230516,exists,c:\Users\chaud\Desktop\repositories\wildfire-severity-v2\data\raw\drought\usdm_tiff\USDM_20230516.tif,https://www.ncei.noaa.gov/pub/data/nidis/geojson/us/usdm-tiff/wgs84-tiff/USDM_20230516.tif
20230523,exists,c:\Users\chaud\Desktop\repositories\wildfire-severity-v2\data\raw\drought\usdm_tiff\USDM_20230523.tif,https://www.ncei.noaa.gov/pub/data/nidis/geojson/us/usdm-tiff/wgs84-tiff/USDM_20230523.tif
20230530,exists,c:\Users\chaud\Desktop\repositories\wildfire-severity-v2\data\raw\drought\usdm_tiff\USDM_20230530.tif,https://www.ncei.noaa.gov/pub/data/nidis/geojson/us/usdm-tiff/wgs84-tiff/USDM_20230530.tif
20230606,exists,c:\Users\chaud\Desktop\repositories\wildfire-severity-v2\data\raw\drought\usdm_tiff\USDM_20230606.tif,https://www.ncei.noaa.gov/pub/data/nidis/geojson/us/usdm-tiff/wgs84-tiff/USDM_20230606.tif
20230613,exists,c:\Users\chaud\Desktop\repositories\wildfire-severity-v2\data\raw\drought\usdm_tiff\USDM_20230613.tif,https://www.ncei.noaa.gov/pub/data/nidis/geojson/us/usdm-tiff/wgs84-tiff/USDM_20230613.tif
20230620,exists,c:\Users\chaud\Desktop\repositories\wildfire-severity-v2\data\raw\drought\usdm_tiff\USDM_20230620.tif,https://www.ncei.noaa.gov/pub/data/nidis/geojson/us/usdm-tiff/wgs84-tiff/USDM_20230620.tif
20230627,exists,c:\Users\chaud\Desktop\repositories\wildfire-severity-v2\data\raw\drought\usdm_tiff\USDM_20230627.tif,https://www.ncei.noaa.gov/pub/data/nidis/geojson/us/usdm-tiff/wgs84-tiff/USDM_20230627.tif
20230704,exists,c:\Users\chaud\Desktop\repositories\wildfire-severity-v2\data\raw\drought\usdm_tiff\USDM_20230704.tif,https://www.ncei.noaa.gov/pub/data/nidis/geojson/us/usdm-tiff/wgs84-tiff/USDM_20230704.tif
20230711,exists,c:\Users\chaud\Desktop\repositories\wildfire-severity-v2\data\raw\drought\usdm_tiff\USDM_20230711.tif,https://www.ncei.noaa.gov/pub/data/nidis/geojson/us/usdm-tiff/wgs84-tiff/USDM_20230711.tif
20230718,exists,c:\Users\chaud\Desktop\repositories\wildfire-severity-v2\data\raw\drought\usdm_tiff\USDM_20230718.tif,https://www.ncei.noaa.gov/pub/data/nidis/geojson/us/usdm-tiff/wgs84-tiff/USDM_20230718.tif
20230725,exists,c:\Users\chaud\Desktop\repositories\wildfire-severity-v2\data\raw\drought\usdm_tiff\USDM_20230725.tif,https://www.ncei.noaa.gov/pub/data/nidis/geojson/us/usdm-tiff/wgs84-tiff/USDM_20230725.tif
20230801,exists,c:\Users\chaud\Desktop\repositories\wildfire-severity-v2\data\raw\drought\usdm_tiff\USDM_20230801.tif,https://www.ncei.noaa.gov/pub/data/nidis/geojson/us/usdm-tiff/wgs84-tiff/USDM_20230801.tif
20230808,exists,c:\Users\chaud\Desktop\repositories\wildfire-severity-v2\data\raw\drought\usdm_tiff\USDM_20230808.tif,https://www.ncei.noaa.gov/pub/data/nidis/geojson/us/usdm-tiff/wgs84-tiff/USDM_20230808.tif
20230815,exists,c:\Users\chaud\Desktop\repositories\wildfire-severity-v2\data\raw\drought\usdm_tiff\USDM_20230815.tif,https://www.ncei.noaa.gov/pub/data/nidis/geojson/us/usdm-tiff/wgs84-tiff/USDM_20230815.tif
20230829,exists,c:\Users\chaud\Desktop\repositories\wildfire-severity-v2\data\raw\drought\usdm_tiff\USDM_20230829.tif,https://www.ncei.noaa.gov/pub/data/nidis/geojson/us/usdm-tiff/wgs84-tiff/USDM_20230829.tif
20230905,exists,c:\Users\chaud\Desktop\repositories\wildfire-severity-v2\data\raw\drought\usdm_tiff\USDM_20230905.tif,https://www.ncei.noaa.gov/pub/data/nidis/geojson/us/usdm-tiff/wgs84-tiff/USDM_20230905.tif
20230912,exists,c:\Users\chaud\Desktop\repositories\wildfire-severity-v2\data\raw\drought\usdm_tiff\USDM_20230912.tif,https://www.ncei.noaa.gov/pub/data/nidis/geojson/us/usdm-tiff/wgs84-tiff/USDM_20230912.tif
20230919,exists,c:\Users\chaud\Desktop\repositories\wildfire-severity-v2\data\raw\drought\usdm_tiff\USDM_20230919.tif,https://www.ncei.noaa.gov/pub/data/nidis/geojson/us/usdm-tiff/wgs84-tiff/USDM_20230919.tif
20231003,exists,c:\Users\chaud\Desktop\repositories\wildfire-severity-v2\data\raw\drought\usdm_tiff\USDM_20231003.tif,https://www.ncei.noaa.gov/pub/data/nidis/geojson/us/usdm-tiff/wgs84-tiff/USDM_20231003.tif
20231010,exists,c:\Users\chaud\Desktop\repositories\wildfire-severity-v2\data\raw\drought\usdm_tiff\USDM_20231010.tif,https://www.ncei.noaa.gov/pub/data/nidis/geojson/us/usdm-tiff/wgs84-tiff/USDM_20231010.tif
20231024,exists,c:\Users\chaud\Desktop\repositories\wildfire-severity-v2\data\raw\drought\usdm_tiff\USDM_20231024.tif,https://www.ncei.noaa.gov/pub/data/nidis/geojson/us/usdm-tiff/wgs84-tiff/USDM_20231024.tif
20231107,exists,c:\Users\chaud\Desktop\repositories\wildfire-severity-v2\data\raw\drought\usdm_tiff\USDM_20231107.tif,https://www.ncei.noaa.gov/pub/data/nidis/geojson/us/usdm-tiff/wgs84-tiff/USDM_20231107.tif
20231114,exists,c:\Users\chaud\Desktop\repositories\wildfire-severity-v2\data\raw\drought\usdm_tiff\USDM_20231114.tif,https://www.ncei.noaa.gov/pub/data/nidis/geojson/us/usdm-tiff/wgs84-tiff/USDM_20231114.tif
20231121,exists,c:\Users\chaud\Desktop\repositories\wildfire-severity-v2\data\raw\drought\usdm_tiff\USDM_20231121.tif,https://www.ncei.noaa.gov/pub/data/nidis/geojson/us/usdm-tiff/wgs84-tiff/USDM_20231121.tif
20231128,exists,c:\Users\chaud\Desktop\repositories\wildfire-severity-v2\data\raw\drought\usdm_tiff\USDM_20231128.tif,https://www.ncei.noaa.gov/pub/data/nidis/geojson/us/usdm-tiff/wgs84-tiff/USDM_20231128.tif
20231205,exists,c:\Users\chaud\Desktop\repositories\wildfire-severity-v2\data\raw\drought\usdm_tiff\USDM_20231205.tif,https://www.ncei.noaa.gov/pub/data/nidis/geojson/us/usdm-tiff/wgs84-tiff/USDM_20231205.tif
20231212,exists,c:\Users\chaud\Desktop\repositories\wildfire-severity-v2\data\raw\drought\usdm_tiff\USDM_20231212.tif,https://www.ncei.noaa.gov/pub/data/nidis/geojson/us/usdm-tiff/wgs84-tiff/USDM_20231212.tif
20231219,exists,c:\Users\chaud\Desktop\repositories\wildfire-severity-v2\data\raw\drought\usdm_tiff\USDM_20231219.tif,https://www.ncei.noaa.gov/pub/data/nidis/geojson/us/usdm-tiff/wgs84-tiff/USDM_20231219.tif
20240213,exists,c:\Users\chaud\Desktop\repositories\wildfire-severity-v2\data\raw\drought\usdm_tiff\USDM_20240213.tif,https://www.ncei.noaa.gov/pub/data/nidis/geojson/us/usdm-tiff/wgs84-tiff/USDM_20240213.tif
20240220,exists,c:\Users\chaud\Desktop\repositories\wildfire-severity-v2\data\raw\drought\usdm_tiff\USDM_20240220.tif,https://www.ncei.noaa.gov/pub/data/nidis/geojson/us/usdm-tiff/wgs84-tiff/USDM_20240220.tif
20240326,exists,c:\Users\chaud\Desktop\repositories\wildfire-severity-v2\data\raw\drought\usdm_tiff\USDM_20240326.tif,https://www.ncei.noaa.gov/pub/data/nidis/geojson/us/usdm-tiff/wgs84-tiff/USDM_20240326.tif
20240409,exists,c:\Users\chaud\Desktop\repositories\wildfire-severity-v2\data\raw\drought\usdm_tiff\USDM_20240409.tif,https://www.ncei.noaa.gov/pub/data/nidis/geojson/us/usdm-tiff/wgs84-tiff/USDM_20240409.tif
20240416,exists,c:\Users\chaud\Desktop\repositories\wildfire-severity-v2\data\raw\drought\usdm_tiff\USDM_20240416.tif,https://www.ncei.noaa.gov/pub/data/nidis/geojson/us/usdm-tiff/wgs84-tiff/USDM_20240416.tif
20240423,exists,c:\Users\chaud\Desktop\repositories\wildfire-severity-v2\data\raw\drought\usdm_tiff\USDM_20240423.tif,https://www.ncei.noaa.gov/pub/data/nidis/geojson/us/usdm-tiff/wgs84-tiff/USDM_20240423.tif
20240430,exists,c:\Users\chaud\Desktop\repositories\wildfire-severity-v2\data\raw\drought\usdm_tiff\USDM_20240430.tif,https://www.ncei.noaa.gov/pub/data/nidis/geojson/us/usdm-tiff/wgs84-tiff/USDM_20240430.tif
20240507,exists,c:\Users\chaud\Desktop\repositories\wildfire-severity-v2\data\raw\drought\usdm_tiff\USDM_20240507.tif,https://www.ncei.noaa.gov/pub/data/nidis/geojson/us/usdm-tiff/wgs84-tiff/USDM_20240507.tif
20240514,exists,c:\Users\chaud\Desktop\repositories\wildfire-severity-v2\data\raw\drought\usdm_tiff\USDM_20240514.tif,https://www.ncei.noaa.gov/pub/data/nidis/geojson/us/usdm-tiff/wgs84-tiff/USDM_20240514.tif
20240521,exists,c:\Users\chaud\Desktop\repositories\wildfire-severity-v2\data\raw\drought\usdm_tiff\USDM_20240521.tif,https://www.ncei.noaa.gov/pub/data/nidis/geojson/us/usdm-tiff/wgs84-tiff/USDM_20240521.tif
20240528,exists,c:\Users\chaud\Desktop\repositories\wildfire-severity-v2\data\raw\drought\usdm_tiff\USDM_20240528.tif,https://www.ncei.noaa.gov/pub/data/nidis/geojson/us/usdm-tiff/wgs84-tiff/USDM_20240528.tif
20240604,exists,c:\Users\chaud\Desktop\repositories\wildfire-severity-v2\data\raw\drought\usdm_tiff\USDM_20240604.tif,https://www.ncei.noaa.gov/pub/data/nidis/geojson/us/usdm-tiff/wgs84-tiff/USDM_20240604.tif
20240611,exists,c:\Users\chaud\Desktop\repositories\wildfire-severity-v2\data\raw\drought\usdm_tiff\USDM_20240611.tif,https://www.ncei.noaa.gov/pub/data/nidis/geojson/us/usdm-tiff/wgs84-tiff/USDM_20240611.tif
20240618,exists,c:\Users\chaud\Desktop\repositories\wildfire-severity-v2\data\raw\drought\usdm_tiff\USDM_20240618.tif,https://www.ncei.noaa.gov/pub/data/nidis/geojson/us/usdm-tiff/wgs84-tiff/USDM_20240618.tif
20240625,exists,c:\Users\chaud\Desktop\repositories\wildfire-severity-v2\data\raw\drought\usdm_tiff\USDM_20240625.tif,https://www.ncei.noaa.gov/pub/data/nidis/geojson/us/usdm-tiff/wgs84-tiff/USDM_20240625.tif
20240702,exists,c:\Users\chaud\Desktop\repositories\wildfire-severity-v2\data\raw\drought\usdm_tiff\USDM_20240702.tif,https://www.ncei.noaa.gov/pub/data/nidis/geojson/us/usdm-tiff/wgs84-tiff/USDM_20240702.tif
20240709,exists,c:\Users\chaud\Desktop\repositories\wildfire-severity-v2\data\raw\drought\usdm_tiff\USDM_20240709.tif,https://www.ncei.noaa.gov/pub/data/nidis/geojson/us/usdm-tiff/wgs84-tiff/USDM_20240709.tif
20240716,exists,c:\Users\chaud\Desktop\repositories\wildfire-severity-v2\data\raw\drought\usdm_tiff\USDM_20240716.tif,https://www.ncei.noaa.gov/pub/data/nidis/geojson/us/usdm-tiff/wgs84-tiff/USDM_20240716.tif
20240723,exists,c:\Users\chaud\Desktop\repositories\wildfire-severity-v2\data\raw\drought\usdm_tiff\USDM_20240723.tif,https://www.ncei.noaa.gov/pub/data/nidis/geojson/us/usdm-tiff/wgs84-tiff/USDM_20240723.tif
20240730,exists,c:\Users\chaud\Desktop\repositories\wildfire-severity-v2\data\raw\drought\usdm_tiff\USDM_20240730.tif,https://www.ncei.noaa.gov/pub/data/nidis/geojson/us/usdm-tiff/wgs84-tiff/USDM_20240730.tif
20240806,exists,c:\Users\chaud\Desktop\repositories\wildfire-severity-v2\data\raw\drought\usdm_tiff\USDM_20240806.tif,https://www.ncei.noaa.gov/pub/data/nidis/geojson/us/usdm-tiff/wgs84-tiff/USDM_20240806.tif
20240813,exists,c:\Users\chaud\Desktop\repositories\wildfire-severity-v2\data\raw\drought\usdm_tiff\USDM_20240813.tif,https://www.ncei.noaa.gov/pub/data/nidis/geojson/us/usdm-tiff/wgs84-tiff/USDM_20240813.tif
20240820,exists,c:\Users\chaud\Desktop\repositories\wildfire-severity-v2\data\raw\drought\usdm_tiff\USDM_20240820.tif,https://www.ncei.noaa.gov/pub/data/nidis/geojson/us/usdm-tiff/wgs84-tiff/USDM_20240820.tif
20240827,exists,c:\Users\chaud\Desktop\repositories\wildfire-severity-v2\data\raw\drought\usdm_tiff\USDM_20240827.tif,https://www.ncei.noaa.gov/pub/data/nidis/geojson/us/usdm-tiff/wgs84-tiff/USDM_20240827.tif
20240903,exists,c:\Users\chaud\Desktop\repositories\wildfire-severity-v2\data\raw\drought\usdm_tiff\USDM_20240903.tif,https://www.ncei.noaa.gov/pub/data/nidis/geojson/us/usdm-tiff/wgs84-tiff/USDM_20240903.tif
20240910,exists,c:\Users\chaud\Desktop\repositories\wildfire-severity-v2\data\raw\drought\usdm_tiff\USDM_20240910.tif,https://www.ncei.noaa.gov/pub/data/nidis/geojson/us/usdm-tiff/wgs84-tiff/USDM_20240910.tif
20240917,exists,c:\Users\chaud\Desktop\repositories\wildfire-severity-v2\data\raw\drought\usdm_tiff\USDM_20240917.tif,https://www.ncei.noaa.gov/pub/data/nidis/geojson/us/usdm-tiff/wgs84-tiff/USDM_20240917.tif
20240924,exists,c:\Users\chaud\Desktop\repositories\wildfire-severity-v2\data\raw\drought\usdm_tiff\USDM_20240924.tif,https://www.ncei.noaa.gov/pub/data/nidis/geojson/us/usdm-tiff/wgs84-tiff/USDM_20240924.tif
20241001,exists,c:\Users\chaud\Desktop\repositories\wildfire-severity-v2\data\raw\drought\usdm_tiff\USDM_20241001.tif,https://www.ncei.noaa.gov/pub/data/nidis/geojson/us/usdm-tiff/wgs84-tiff/USDM_20241001.tif
20241008,exists,c:\Users\chaud\Desktop\repositories\wildfire-severity-v2\data\raw\drought\usdm_tiff\USDM_20241008.tif,https://www.ncei.noaa.gov/pub/data/nidis/geojson/us/usdm-tiff/wgs84-tiff/USDM_20241008.tif
20241015,exists,c:\Users\chaud\Desktop\repositories\wildfire-severity-v2\data\raw\drought\usdm_tiff\USDM_20241015.tif,https://www.ncei.noaa.gov/pub/data/nidis/geojson/us/usdm-tiff/wgs84-tiff/USDM_20241015.tif
20241022,exists,c:\Users\chaud\Desktop\repositories\wildfire-severity-v2\data\raw\drought\usdm_tiff\USDM_20241022.tif,https://www.ncei.noaa.gov/pub/data/nidis/geojson/us/usdm-tiff/wgs84-tiff/USDM_20241022.tif
20241029,exists,c:\Users\chaud\Desktop\repositories\wildfire-severity-v2\data\raw\drought\usdm_tiff\USDM_20241029.tif,https://www.ncei.noaa.gov/pub/data/nidis/geojson/us/usdm-tiff/wgs84-tiff/USDM_20241029.tif
20241105,exists,c:\Users\chaud\Desktop\repositories\wildfire-severity-v2\data\raw\drought\usdm_tiff\USDM_20241105.tif,https://www.ncei.noaa.gov/pub/data/nidis/geojson/us/usdm-tiff/wgs84-tiff/USDM_20241105.tif
20241112,exists,c:\Users\chaud\Desktop\repositories\wildfire-severity-v2\data\raw\drought\usdm_tiff\USDM_20241112.tif,https://www.ncei.noaa.gov/pub/data/nidis/geojson/us/usdm-tiff/wgs84-tiff/USDM_20241112.tif
20241119,exists,c:\Users\chaud\Desktop\repositories\wildfire-severity-v2\data\raw\drought\usdm_tiff\USDM_20241119.tif,https://www.ncei.noaa.gov/pub/data/nidis/geojson/us/usdm-tiff/wgs84-tiff/USDM_20241119.tif
20241126,exists,c:\Users\chaud\Desktop\repositories\wildfire-severity-v2\data\raw\drought\usdm_tiff\USDM_20241126.tif,https://www.ncei.noaa.gov/pub/data/nidis/geojson/us/usdm-tiff/wgs84-tiff/USDM_20241126.tif
20241203,exists,c:\Users\chaud\Desktop\repositories\wildfire-severity-v2\data\raw\drought\usdm_tiff\USDM_20241203.tif,https://www.ncei.noaa.gov/pub/data/nidis/geojson/us/usdm-tiff/wgs84-tiff/USDM_20241203.tif
20241210,exists,c:\Users\chaud\Desktop\repositories\wildfire-severity-v2\data\raw\drought\usdm_tiff\USDM_20241210.tif,https://www.ncei.noaa.gov/pub/data/nidis/geojson/us/usdm-tiff/wgs84-tiff/USDM_20241210.tif
20241217,exists,c:\Users\chaud\Desktop\repositories\wildfire-severity-v2\data\raw\drought\usdm_tiff\USDM_20241217.tif,https://www.ncei.noaa.gov/pub/data/nidis/geojson/us/usdm-tiff/wgs84-tiff/USDM_20241217.tif
