County,Date,ETo (in),Precip (in),Sol Rad (Ly/day),Avg Vap Pres (mBars),Max Air Temp (F),Min Air Temp (F),Max Rel Hum (%),Avg Wind Speed (mph),Wind Run (miles),Avg Soil Temp (F)
Plumas,12/31/2019,0.0,0.06,211,4.9,41.3,17.8,85,4.6,111.4,31.9
Plumas,10/29/2020,0.1,0.0,444,2.6,72.2,24.2,55,6.6,157.9,47.2
Plumas,10/30/2020,0.11,0.0,341,2.6,75.6,11.2,74,3.5,83.6,44.8
Plumas,10/31/2020,0.12,0.0,332,3.0,74.3,16.6,74,4.0,97.1,46.0
Plumas,11/1/2020,0.1,0.0,329,3.1,74.1,18.6,74,3.2,77.0,46.9
Plumas,11/2/2020,0.1,0.0,312,3.1,75.7,18.9,72,3.1,73.4,46.8
Plumas,11/3/2020,0.09,0.0,298,3.2,74.6,18.4,72,3.5,84.4,46.8
Plumas,11/4/2020,0.09,0.0,310,3.9,73.9,14.6,79,2.7,64.1,46.5
Plumas,11/5/2020,0.09,0.0,307,4.0,76.1,18.6,84,3.1,74.7,46.9
Plumas,11/6/2020,0.09,0.0,250,5.6,53.7,27.9,97,9.5,228.1,47.0
Plumas,11/7/2020,0.03,0.0,120,5.0,42.6,19.3,99,6.5,156.8,44.5
Plumas,11/8/2020,0.04,0.06,217,3.7,34.5,10.0,97,4.2,102.0,42.7
Plumas,11/9/2020,0.04,0.0,269,2.9,35.5,1.9,93,3.6,86.7,38.0
Plumas,11/10/2020,0.07,0.0,289,3.7,53.1,11.2,94,3.9,92.7,38.1
Plumas,11/11/2020,0.06,0.0,256,3.6,49.7,10.9,96,3.2,77.1,38.2
Plumas,11/12/2020,0.06,0.0,272,2.7,52.9,3.5,93,3.1,73.3,37.0
Plumas,11/13/2020,0.06,0.04,135,5.2,45.3,21.7,89,12.4,296.5,37.8
Plumas,11/14/2020,0.05,0.0,196,4.2,51.1,15.7,98,4.5,108.1,38.5
Plumas,11/15/2020,0.08,0.0,196,4.8,59.0,22.9,99,6.9,166.2,39.4
Plumas,11/16/2020,0.06,0.0,259,4.8,67.2,17.2,99,2.0,48.4,39.6
Plumas,11/17/2020,0.12,0.59,146,5.2,60.6,24.9,96,13.7,329.5,40.2
Plumas,11/18/2020,0.04,0.63,156,6.9,48.2,33.9,99,8.2,195.9,40.3
Plumas,11/19/2020,0.06,0.0,264,4.5,47.7,23.4,94,4.2,101.6,39.9
Plumas,11/20/2020,0.06,0.0,258,4.3,47.1,16.8,97,4.4,105.6,37.8
Plumas,11/21/2020,0.06,0.0,252,4.3,46.8,13.2,98,5.6,134.9,35.8
Plumas,11/22/2020,0.05,0.04,238,4.8,51.5,19.3,99,3.4,82.5,35.9
Plumas,11/23/2020,0.04,0.01,224,5.5,49.9,22.6,99,2.2,53.3,38.1
Plumas,11/24/2020,0.05,0.0,257,4.5,52.7,17.5,98,1.8,42.7,36.9
Plumas,11/25/2020,0.06,0.0,190,4.5,45.6,25.5,82,7.9,190.3,36.5
Plumas,11/26/2020,0.06,0.0,250,3.6,40.7,22.2,87,9.0,215.8,35.2
Plumas,11/27/2020,0.08,0.0,250,3.3,46.8,16.6,84,10.2,243.7,34.5
Plumas,11/28/2020,0.05,0.0,246,3.3,52.7,11.4,93,1.9,45.2,33.9
Plumas,11/29/2020,0.04,0.0,232,3.5,51.1,12.3,94,2.2,53.8,33.4
Plumas,11/30/2020,0.06,0.0,236,3.5,58.2,11.2,94,3.4,81.9,33.1
Plumas,12/1/2020,0.07,0.0,239,4.0,49.4,13.1,93,8.1,193.8,33.0
Plumas,12/2/2020,0.07,0.0,343,4.0,48.2,18.3,94,10.8,258.4,33.2
Plumas,12/3/2020,0.04,0.0,217,3.7,52.0,11.7,94,2.1,51.5,33.1
Plumas,12/4/2020,0.06,0.0,214,3.6,52.0,12.5,95,5.6,134.4,33.0
Plumas,12/5/2020,0.04,0.0,213,3.6,53.4,11.0,93,2.7,65.7,32.9
Plumas,12/6/2020,0.07,0.0,230,4.3,49.6,24.2,72,7.5,179.7,33.6
Plumas,12/7/2020,0.07,0.0,228,4.2,50.8,17.1,87,9.0,214.8,33.8
Plumas,12/8/2020,0.05,0.0,230,3.2,52.0,9.1,92,3.4,81.0,33.3
Plumas,12/9/2020,0.04,0.0,190,3.5,53.5,6.5,92,3.8,91.5,32.7
Plumas,12/10/2020,0.05,0.0,227,3.9,49.2,15.1,96,4.4,106.1,32.8
Plumas,12/11/2020,0.05,0.0,136,4.0,48.8,14.9,87,6.1,147.3,32.9
Plumas,12/12/2020,0.05,0.0,220,4.5,39.8,21.0,92,8.1,194.1,34.0
Plumas,12/13/2020,0.02,0.2,104,5.4,42.6,17.5,99,4.4,105.8,33.3
Plumas,12/14/2020,0.02,0.39,165,5.2,44.1,16.8,100,2.1,51.0,33.7
Plumas,12/15/2020,0.02,0.0,152,4.6,33.9,16.7,99,2.6,63.1,33.6
Plumas,12/16/2020,0.01,0.0,130,5.0,41.4,21.3,99,2.7,65.2,33.5
Plumas,12/17/2020,0.03,0.34,152,5.6,42.5,19.4,99,4.9,117.3,33.4
Plumas,12/18/2020,0.03,0.0,223,3.8,39.8,15.0,98,3.1,75.6,33.4
Plumas,12/19/2020,0.03,0.0,199,4.1,41.7,14.0,99,1.9,45.8,33.0
Plumas,12/20/2020,0.02,0.0,174,4.1,39.9,14.1,99,1.7,39.8,32.6
Plumas,12/21/2020,0.03,0.0,206,4.0,42.8,15.3,99,2.7,65.0,32.4
Plumas,12/22/2020,0.04,0.0,230,4.3,46.6,21.3,92,6.1,145.9,32.3
Plumas,12/23/2020,0.06,0.0,231,3.3,35.9,17.1,85,13.7,330.0,32.1
Plumas,12/24/2020,0.03,0.0,195,3.2,38.1,12.8,93,2.3,55.2,31.0
Plumas,12/25/2020,0.04,0.11,135,5.6,48.4,20.9,94,8.4,201.7,31.0
Plumas,12/26/2020,0.03,0.3,198,6.0,38.4,24.7,99,6.0,144.9,32.0
Plumas,12/27/2020,0.03,0.0,153,4.7,35.8,23.3,99,8.7,208.7,32.0
Plumas,12/28/2020,0.03,0.0,154,4.5,38.5,24.2,86,6.7,161.9,32.0
Plumas,12/29/2020,0.03,0.0,217,3.7,36.4,13.9,93,2.2,52.8,32.0
Plumas,12/30/2020,0.04,0.0,180,4.2,44.5,19.9,96,5.3,126.8,31.7
Plumas,1/1/2021,0.02,0.0,159,4.3,39.2,16.1,96,3.7,89.6,31.7
Plumas,1/2/2021,0.03,0.0,165,6.3,46.7,28.7,91,5.8,138.4,31.7
Plumas,1/3/2021,0.03,0.0,124,6.3,46.9,27.9,98,4.1,98.1,31.9
Plumas,1/4/2021,0.02,0.16,75,6.8,43.2,32.3,99,10.2,245.9,32.0
Plumas,1/5/2021,0.04,0.0,71,5.1,46.5,24.3,98,2.4,57.3,32.0
Plumas,1/6/2021,0.03,0.0,168,4.9,48.7,20.6,99,4.4,104.8,32.0
Plumas,1/7/2021,0.03,0.0,165,4.5,39.5,19.6,97,2.5,60.3,32.0
Plumas,1/8/2021,0.04,0.0,201,5.2,48.1,23.1,97,6.2,148.0,32.1
Plumas,1/9/2021,0.05,0.0,236,4.3,42.1,18.2,94,4.4,106.2,32.2
Plumas,1/10/2021,0.03,0.0,186,4.8,46.2,18.5,98,2.7,64.9,32.3
Plumas,1/11/2021,0.04,0.0,215,5.2,48.1,21.6,98,2.5,60.0,32.3
Plumas,1/12/2021,0.04,0.0,126,5.7,53.1,28.1,98,5.2,125.3,32.3
Plumas,1/13/2021,0.05,0.0,195,8.0,56.7,27.9,99,4.8,114.6,33.4
Plumas,1/14/2021,0.04,0.0,227,5.8,56.1,22.0,99,2.4,56.9,34.1
Plumas,1/15/2021,0.04,0.0,207,5.9,54.6,23.2,98,2.4,57.3,34.8
Plumas,1/16/2021,0.06,0.0,249,6.0,56.8,23.8,99,5.6,134.2,35.8
Plumas,1/17/2021,0.06,0.0,257,5.8,59.7,23.7,98,4.6,110.4,36.5
Plumas,1/18/2021,0.09,0.0,267,3.8,50.4,29.6,75,10.7,257.2,36.7
Plumas,1/19/2021,0.11,0.0,262,2.8,41.3,27.9,55,17.5,420.0,34.4
Plumas,1/20/2021,0.06,0.0,272,3.3,50.1,17.6,91,4.0,96.5,33.3
Plumas,1/21/2021,0.05,0.0,207,3.7,52.1,13.2,93,3.7,88.9,32.9
Plumas,1/22/2021,0.05,0.0,155,4.0,41.8,23.6,91,7.0,167.2,32.8
Plumas,1/23/2021,0.03,0.0,162,4.6,41.4,21.0,99,4.9,116.5,33.0
Plumas,1/24/2021,0.03,0.0,161,4.0,38.4,11.0,99,4.5,107.1,32.7
Plumas,1/25/2021,0.01,0.17,65,3.9,30.1,9.3,99,3.1,74.9,32.6
Plumas,1/26/2021,0.01,0.0,100,2.9,31.5,-4.0,98,4.4,105.3,32.6
Plumas,1/27/2021,0.03,0.13,194,5.5,36.4,29.5,99,7.1,170.9,32.7
Plumas,1/28/2021,0.0,0.46,53,6.1,36.0,29.1,99,1.9,45.7,32.7
Plumas,1/29/2021,0.03,0.36,216,5.1,37.4,22.1,99,2.7,65.6,32.8
Plumas,1/30/2021,0.04,0.11,289,3.5,35.0,5.3,98,2.8,66.6,32.9
Plumas,1/31/2021,0.04,0.01,254,4.0,40.0,11.6,99,2.8,66.8,33.0
Plumas,2/1/2021,0.06,0.0,181,5.0,47.8,15.9,98,9.0,215.2,33.1
Plumas,2/2/2021,0.03,0.03,158,6.0,42.5,31.7,92,7.6,183.0,33.1
Plumas,2/3/2021,0.04,0.0,188,4.4,34.9,23.1,82,9.2,219.8,33.2
Plumas,2/4/2021,0.06,0.0,5,3.8,35.7,16.2,95,5.3,127.6,33.2
Plumas,2/5/2021,0.05,0.0,302,3.7,41.6,6.9,97,2.9,70.6,33.1
Plumas,2/6/2021,0.05,0.0,326,3.8,43.6,7.7,98,2.4,56.4,33.0
Plumas,2/7/2021,0.05,0.0,329,3.7,45.3,7.7,98,2.1,51.3,32.9
Plumas,2/8/2021,0.04,0.0,240,4.0,44.8,11.2,96,2.2,52.3,32.9
Plumas,2/9/2021,0.03,0.0,178,6.5,44.4,32.0,97,3.1,73.6,32.8
Plumas,2/10/2021,0.07,0.0,334,6.6,52.7,28.9,99,3.0,71.2,33.8
Plumas,2/11/2021,0.03,0.13,147,6.2,44.2,26.5,99,4.6,110.9,34.2
Plumas,2/12/2021,0.06,0.12,321,6.3,45.5,26.7,99,4.5,108.8,36.4
Plumas,2/13/2021,0.07,0.07,325,5.5,41.8,28.1,99,8.4,201.4,37.4
Plumas,2/14/2021,0.04,0.0,203,5.5,40.9,26.5,97,3.2,77.6,36.5
Plumas,2/15/2021,0.06,0.0,215,6.4,49.5,33.9,97,9.0,215.6,38.0
Plumas,2/16/2021,0.07,0.0,275,4.2,43.2,23.1,91,5.5,131.2,37.1
Plumas,2/17/2021,0.07,0.0,336,3.2,39.4,17.1,93,5.8,138.6,35.2
Plumas,2/18/2021,0.02,0.01,137,4.3,38.4,17.5,95,3.8,90.7,33.6
Plumas,2/19/2021,0.08,0.0,271,6.0,50.8,32.6,90,11.6,278.3,34.6
Plumas,2/20/2021,0.06,0.0,309,4.4,40.8,18.8,99,5.6,134.0,36.0
Plumas,2/21/2021,0.09,0.0,380,4.1,48.8,18.6,96,5.8,139.4,35.8
Plumas,2/22/2021,0.1,0.0,546,5.3,60.3,29.8,94,6.0,144.2,39.2
Plumas,2/23/2021,0.1,0.0,403,3.9,58.4,20.7,99,3.6,85.8,39.3
Plumas,2/24/2021,0.1,0.0,412,2.7,40.6,12.2,90,8.0,192.1,37.2
Plumas,2/25/2021,0.09,0.0,375,2.7,53.7,17.4,76,6.1,147.2,36.0
Plumas,2/26/2021,0.13,0.0,383,3.0,53.2,13.0,91,7.5,179.9,35.8
Plumas,2/27/2021,0.09,0.0,401,3.0,42.9,13.2,87,5.7,137.5,35.5
Plumas,2/28/2021,0.14,0.0,419,2.6,50.7,20.1,73,10.9,260.6,35.6
Plumas,3/1/2021,0.12,0.0,424,3.1,56.2,13.1,89,4.8,116.1,36.7
Plumas,3/2/2021,0.11,0.0,393,3.1,59.1,14.4,92,4.6,110.4,37.4
Plumas,3/3/2021,0.11,0.0,364,3.3,56.9,18.2,93,3.6,86.7,38.7
Plumas,3/4/2021,0.13,0.0,435,3.2,57.4,14.7,91,5.0,119.1,39.6
Plumas,3/5/2021,0.16,0.0,512,3.8,61.8,38.7,84,12.2,292.0,41.4
Plumas,3/6/2021,0.1,0.13,450,5.1,45.8,23.1,99,6.9,166.0,40.5
Plumas,3/7/2021,0.12,0.0,440,4.7,57.7,18.2,96,4.4,106.3,40.0
Plumas,3/8/2021,0.11,0.0,349,4.2,42.6,24.5,98,9.5,228.6,39.4
Plumas,3/9/2021,0.09,0.06,367,4.3,41.3,17.1,99,6.4,152.5,38.6
Plumas,3/10/2021,0.07,0.06,343,4.6,39.2,22.0,99,5.0,121.0,38.8
Plumas,3/11/2021,0.05,0.02,258,4.3,38.0,15.6,98,3.7,88.6,36.8
Plumas,3/12/2021,0.12,0.0,477,3.1,49.2,18.1,86,5.5,132.7,37.8
Plumas,3/13/2021,0.12,0.0,476,3.5,57.7,13.4,90,3.9,93.7,39.1
Plumas,3/14/2021,0.11,0.0,340,3.8,54.0,16.6,95,7.7,185.1,38.9
Plumas,3/15/2021,0.08,0.0,332,4.2,39.5,22.3,94,7.5,180.1,39.0
Plumas,3/16/2021,0.13,0.0,494,4.5,50.8,19.0,95,5.6,134.5,41.1
Plumas,3/17/2021,0.09,0.0,315,3.6,55.0,13.0,95,3.5,83.5,40.1
Plumas,3/18/2021,0.13,0.06,332,5.8,57.4,33.4,90,10.6,255.3,41.4
Plumas,3/19/2021,0.09,0.01,317,6.2,48.8,32.2,97,8.4,201.1,41.7
Plumas,3/20/2021,0.11,0.0,429,4.6,44.6,19.6,96,7.0,167.8,41.8
Plumas,3/21/2021,0.12,0.0,500,3.2,50.5,12.9,98,3.7,87.8,41.8
Plumas,3/22/2021,0.06,0.0,225,5.3,49.6,22.6,97,6.6,159.2,41.0
Plumas,3/23/2021,0.12,0.0,417,3.4,42.8,27.5,75,12.1,291.3,40.7
Plumas,3/24/2021,0.13,0.0,466,3.4,56.8,21.1,72,6.6,157.5,41.2
Plumas,3/25/2021,0.13,0.0,436,3.8,49.4,27.2,67,8.3,198.9,43.3
Plumas,3/26/2021,0.15,0.0,540,3.3,54.4,21.8,81,7.7,185.8,43.2
Plumas,3/27/2021,0.16,0.0,545,3.4,67.0,14.0,92,4.0,96.5,44.2
Plumas,3/28/2021,0.19,0.0,546,4.2,67.9,17.9,91,6.0,144.4,45.6
Plumas,3/29/2021,0.18,0.0,539,4.2,55.7,24.3,64,9.6,230.3,46.6
Plumas,3/30/2021,0.21,0.0,561,2.1,55.5,21.5,48,12.5,299.7,45.3
Plumas,3/31/2021,0.2,0.0,568,2.6,66.3,22.0,59,8.4,201.5,46.1
Plumas,4/1/2021,0.19,0.0,560,3.9,68.3,15.0,84,5.4,130.7,46.9
Plumas,4/2/2021,0.19,0.0,502,3.9,69.4,17.0,90,5.7,135.9,47.3
Plumas,4/3/2021,0.19,0.0,472,4.4,69.8,23.6,85,5.9,142.3,48.6
Plumas,4/4/2021,0.21,0.0,539,4.0,70.1,23.7,76,6.6,158.0,49.1
Plumas,4/5/2021,0.19,0.0,515,4.7,61.3,26.2,83,8.5,204.7,49.1
Plumas,4/6/2021,0.17,0.0,574,4.5,67.1,17.8,88,4.1,99.3,49.2
Plumas,4/7/2021,0.2,0.0,562,4.0,63.5,16.5,98,6.9,164.4,48.9
Plumas,4/8/2021,0.18,0.0,81,4.5,61.1,26.3,88,4.3,103.1,51.4
Plumas,4/9/2021,0.19,0.0,586,4.5,66.2,16.8,96,5.3,128.2,48.8
Plumas,4/10/2021,0.2,0.0,593,4.9,68.5,17.2,93,5.3,127.9,49.5
Plumas,4/11/2021,0.21,0.0,601,3.7,65.6,19.5,96,6.6,158.2,50.0
Plumas,4/12/2021,0.22,0.0,605,3.2,64.2,24.8,66,9.0,214.8,50.1
Plumas,4/13/2021,0.09,0.08,284,5.0,56.0,21.1,99,5.5,132.7,48.2
Plumas,4/14/2021,0.1,0.0,408,5.3,50.8,22.8,100,4.1,97.8,47.4
Plumas,4/15/2021,0.13,0.0,451,4.6,58.0,14.6,98,4.4,105.5,46.8
Plumas,4/16/2021,0.18,0.0,552,4.0,62.0,16.6,97,5.3,128.2,47.5
Plumas,4/17/2021,0.24,0.0,627,3.2,62.2,19.3,85,9.6,229.5,48.1
Plumas,4/18/2021,0.2,0.0,629,3.5,71.0,15.6,88,3.8,90.3,49.1
Plumas,4/19/2021,0.21,0.0,585,5.0,73.0,21.8,85,5.0,120.4,50.6
Plumas,4/20/2021,0.23,0.0,609,4.8,68.0,25.4,92,6.5,156.8,51.6
Plumas,4/21/2021,0.21,0.0,633,3.6,64.0,25.9,78,5.6,134.2,52.4
Plumas,4/22/2021,0.22,0.0,631,4.7,67.6,19.6,87,6.6,159.4,51.7
Plumas,4/23/2021,0.22,0.0,582,5.7,67.1,23.1,91,6.8,163.8,52.5
Plumas,4/24/2021,0.16,0.0,419,5.7,52.3,39.4,67,12.8,306.8,52.2
Plumas,4/25/2021,0.12,0.01,371,5.5,50.1,29.2,99,10.6,255.1,50.0
Plumas,4/26/2021,0.14,0.03,552,4.9,48.4,19.9,99,6.1,145.4,49.2
Plumas,4/27/2021,0.17,0.0,538,4.8,57.7,23.2,96,6.4,152.7,49.6
Plumas,4/28/2021,0.22,0.0,660,3.6,72.4,15.6,95,5.1,123.4,50.6
Plumas,4/29/2021,0.23,0.0,638,6.0,83.5,24.7,88,4.1,97.9,53.2
Plumas,4/30/2021,0.24,0.0,577,6.7,78.9,32.4,95,5.7,137.2,55.5
Plumas,5/1/2021,0.25,0.0,666,5.6,71.3,26.6,82,7.0,166.9,56.0
Plumas,5/2/2021,0.22,0.0,654,5.9,63.8,34.2,78,6.3,152.1,56.5
Plumas,5/3/2021,0.23,0.0,669,4.2,67.6,29.2,71,7.0,169.0,56.1
Plumas,5/4/2021,0.22,0.0,664,5.9,75.2,24.8,87,4.2,100.9,56.4
Plumas,5/5/2021,0.25,0.0,668,6.9,80.1,27.5,91,5.3,127.0,57.6
Plumas,5/6/2021,0.27,0.0,617,7.0,74.3,35.0,90,8.6,206.8,58.2
Plumas,5/7/2021,0.24,0.0,663,5.2,68.2,30.8,88,6.4,152.8,58.3
Plumas,5/8/2021,0.24,0.0,675,4.0,65.4,33.1,73,8.1,195.3,57.5
Plumas,5/9/2021,0.23,0.0,674,5.0,69.0,24.8,85,5.8,140.0,57.5
Plumas,5/10/2021,0.25,0.0,693,4.4,68.2,33.4,62,8.1,194.4,58.4
Plumas,5/11/2021,0.26,0.0,78,4.7,71.6,35.0,81,5.4,129.8,61.3
Plumas,5/12/2021,0.24,0.0,674,5.8,78.3,25.4,87,4.4,104.8,58.9
Plumas,5/13/2021,0.24,0.0,666,6.5,80.5,31.8,86,4.2,101.0,60.1
Plumas,5/14/2021,0.25,0.0,630,6.6,78.8,30.3,93,5.2,124.8,60.4
Plumas,5/15/2021,0.1,0.04,318,8.3,65.5,33.2,98,5.6,133.6,58.7
Plumas,5/16/2021,0.19,0.0,541,9.4,73.3,43.1,99,4.9,117.7,58.9
Plumas,5/17/2021,0.25,0.0,666,8.1,77.1,32.5,98,6.1,145.3,60.3
Plumas,5/18/2021,0.26,0.0,681,7.6,71.6,31.4,95,7.6,181.6,60.4
Plumas,5/19/2021,0.27,0.0,673,5.5,65.6,30.4,91,9.9,236.9,59.6
Plumas,5/20/2021,0.1,0.03,381,5.2,46.4,26.7,99,7.9,189.3,56.1
Plumas,5/21/2021,0.12,0.0,441,5.9,50.1,30.3,97,6.4,154.0,53.4
Plumas,5/22/2021,0.1,0.02,364,6.9,54.9,34.1,94,5.2,123.9,53.7
Plumas,5/23/2021,0.12,0.03,396,7.4,59.9,35.2,95,5.2,125.0,54.6
Plumas,5/24/2021,0.24,0.0,677,6.6,70.8,24.2,100,6.1,145.3,55.4
Plumas,5/25/2021,0.26,0.0,725,5.7,67.2,31.7,89,7.4,176.6,57.6
Plumas,5/26/2021,0.24,0.0,705,5.3,74.4,22.6,92,4.4,105.0,57.9
Plumas,5/27/2021,0.25,0.0,718,5.5,75.3,24.2,86,5.2,125.8,58.8
Plumas,5/28/2021,0.22,0.0,656,7.9,77.9,32.1,93,3.5,83.8,60.5
Plumas,5/29/2021,0.26,0.0,669,7.0,80.2,36.1,96,4.5,107.7,61.8
Plumas,5/30/2021,0.26,0.0,712,6.4,82.8,34.3,86,3.7,87.7,62.7
Plumas,5/31/2021,0.27,0.0,710,6.7,86.4,36.0,82,4.3,102.4,63.7
Plumas,6/1/2021,0.28,0.0,706,8.4,90.6,37.9,88,4.1,97.2,65.2
Plumas,6/2/2021,0.26,0.0,652,9.7,91.3,43.0,89,3.9,93.6,66.6
Plumas,6/3/2021,0.3,0.0,707,8.8,92.2,42.3,87,4.9,118.2,67.3
Plumas,6/4/2021,0.3,0.0,922,8.4,88.4,48.9,89,6.4,154.7,68.0
Plumas,6/5/2021,0.3,0.0,714,7.2,83.6,38.1,86,6.2,148.8,67.0
Plumas,6/6/2021,0.31,0.0,725,7.0,78.9,34.3,84,7.9,189.4,66.0
Plumas,6/7/2021,0.31,0.0,733,5.4,74.0,33.7,91,8.7,209.2,65.2
Plumas,6/8/2021,0.28,0.0,735,5.3,63.6,36.1,75,10.7,257.9,64.1
Plumas,6/9/2021,0.23,0.0,600,5.4,62.1,27.6,90,9.6,229.3,62.0
Plumas,6/10/2021,0.22,0.0,735,4.3,65.3,24.3,89,4.5,106.9,61.2
Plumas,6/11/2021,0.27,0.0,712,5.3,72.7,30.4,83,7.0,167.6,62.2
Plumas,6/12/2021,0.28,0.0,715,8.1,80.5,34.7,75,5.6,135.2,64.2
Plumas,6/13/2021,0.31,0.0,721,9.4,82.0,37.3,94,8.3,198.2,65.4
Plumas,6/14/2021,0.29,0.0,657,9.9,76.4,42.3,89,9.4,226.2,65.7
Plumas,6/15/2021,0.3,0.0,742,6.0,79.2,35.1,95,6.7,159.9,65.3
Plumas,6/16/2021,0.27,0.0,709,5.8,90.1,29.5,88,4.0,95.2,65.6
Plumas,6/17/2021,0.29,0.0,732,6.0,95.2,38.2,69,4.2,100.0,67.3
Plumas,6/18/2021,0.31,0.0,710,7.3,93.8,36.7,79,5.0,119.1,68.2
Plumas,6/19/2021,0.3,0.0,698,8.6,93.2,44.4,80,4.7,113.1,69.3
Plumas,6/20/2021,0.31,0.0,708,8.4,92.4,45.4,84,5.4,128.5,70.2
Plumas,6/21/2021,0.31,0.0,708,7.2,89.9,42.7,77,5.6,134.4,70.1
Plumas,6/22/2021,0.3,0.0,725,7.8,85.7,51.5,61,5.9,140.5,70.8
Plumas,6/23/2021,0.24,0.0,615,8.8,83.9,37.1,91,4.9,117.1,70.2
Plumas,6/24/2021,0.19,0.11,503,10.9,84.6,40.6,96,5.1,123.6,69.1
Plumas,6/25/2021,0.26,0.0,698,10.8,89.4,43.2,99,3.8,90.5,69.1
Plumas,6/26/2021,0.29,0.0,718,9.5,92.8,43.5,94,3.9,92.6,70.7
Plumas,6/27/2021,0.31,0.0,711,10.1,95.9,47.2,85,4.8,115.5,71.8
Plumas,6/28/2021,0.31,0.0,715,10.5,98.5,47.6,88,4.5,108.0,72.8
Plumas,6/29/2021,0.33,0.0,698,9.8,95.2,47.8,88,6.0,144.4,73.3
Plumas,6/30/2021,0.31,0.0,709,11.3,91.4,53.1,77,5.6,133.2,74.1
Plumas,7/1/2021,0.3,0.0,706,10.9,90.6,46.7,90,5.7,136.2,73.7
Plumas,7/2/2021,0.22,0.0,541,11.1,92.4,47.2,84,4.3,103.5,73.1
Plumas,7/3/2021,0.2,0.0,467,11.9,92.3,47.7,88,4.7,113.0,72.3
Plumas,7/4/2021,0.18,0.05,441,12.6,88.1,50.0,89,5.1,121.8,71.8
Plumas,7/5/2021,0.27,0.0,673,9.1,93.2,37.8,91,4.2,101.6,71.0
Plumas,7/6/2021,0.29,0.0,664,9.9,93.4,46.4,88,5.1,121.6,72.1
Plumas,7/7/2021,0.3,0.0,726,7.6,91.8,43.7,83,5.0,119.5,72.4
Plumas,7/8/2021,0.32,0.0,730,6.8,92.7,37.6,85,6.0,144.3,72.0
Plumas,7/9/2021,0.29,0.0,643,9.1,97.4,40.3,79,4.6,109.3,72.2
Plumas,7/10/2021,0.32,0.0,687,10.3,99.0,49.6,81,5.4,129.8,73.7
Plumas,7/11/2021,0.34,0.0,697,9.0,98.4,50.0,82,6.4,152.4,74.3
Plumas,7/12/2021,0.33,0.0,710,6.8,98.2,42.7,82,6.3,151.3,73.9
Plumas,7/13/2021,0.32,0.0,669,7.6,95.4,44.6,69,6.1,146.4,73.7
Plumas,7/14/2021,0.31,0.0,709,7.4,91.8,41.1,77,6.0,144.9,73.3
Plumas,7/15/2021,0.31,0.0,965,7.2,86.9,46.3,79,8.9,213.0,73.5
Plumas,7/16/2021,0.29,0.0,716,5.8,85.7,34.5,82,5.6,133.7,71.7
Plumas,7/17/2021,0.3,0.0,718,5.7,89.6,32.2,77,5.5,132.0,71.2
Plumas,7/18/2021,0.28,0.0,614,8.5,93.8,41.6,72,4.7,113.4,71.9
Plumas,7/19/2021,0.28,0.0,597,10.5,90.6,58.7,63,5.8,138.8,73.5
Plumas,7/20/2021,0.31,0.0,679,9.3,88.2,49.6,82,6.7,160.7,73.5
Plumas,7/21/2021,0.32,0.0,701,6.8,89.4,40.4,80,6.9,166.1,72.6
Plumas,7/22/2021,0.32,0.0,693,6.6,89.9,38.6,75,6.4,154.4,72.2
Plumas,7/23/2021,0.27,0.0,631,7.6,93.2,41.2,79,4.5,109.1,72.1
Plumas,7/24/2021,0.26,0.0,574,8.3,96.3,46.2,76,4.2,99.8,72.6
Plumas,7/25/2021,0.18,0.0,387,10.0,90.2,50.3,74,4.3,103.0,71.5
Plumas,7/26/2021,0.18,0.0,317,10.9,91.9,60.6,64,5.4,130.6,71.4
Plumas,7/27/2021,0.1,0.0,214,10.3,80.1,48.5,76,5.6,134.3,69.7
Plumas,7/28/2021,0.25,0.0,613,8.4,91.1,38.3,94,3.4,81.1,69.4
Plumas,7/29/2021,0.2,0.0,434,10.0,92.9,45.7,81,5.4,129.6,70.3
Plumas,7/30/2021,0.12,0.0,276,13.4,86.9,56.8,81,4.1,99.4,70.0
Plumas,7/31/2021,0.16,0.0,350,12.1,87.5,59.2,78,4.0,94.8,70.4
Plumas,8/1/2021,0.22,0.0,521,9.5,88.5,47.4,84,3.9,94.8,70.9
Plumas,8/2/2021,0.27,0.0,621,8.3,92.6,44.2,79,4.5,108.0,71.3
Plumas,8/3/2021,0.29,0.0,9,6.9,82.7,52.3,84,4.1,98.4,74.8
Plumas,8/4/2021,0.32,0.0,654,7.2,93.9,43.0,75,6.8,162.0,72.1
Plumas,8/5/2021,0.32,0.0,666,5.3,83.8,40.4,82,8.4,200.7,71.4
Plumas,8/6/2021,0.2,0.0,498,6.4,85.9,38.9,71,3.4,81.0,69.9
Plumas,8/7/2021,0.2,0.0,459,7.3,89.7,39.8,80,4.0,96.0,68.8
Plumas,8/8/2021,0.25,0.0,576,7.0,87.2,37.8,85,5.0,119.1,68.6
Plumas,8/9/2021,0.25,0.0,621,7.7,90.7,36.4,83,3.7,89.3,69.6
Plumas,8/10/2021,0.25,0.0,551,8.5,93.0,43.0,83,4.3,103.4,70.4
Plumas,8/11/2021,0.19,0.0,460,8.8,94.0,44.8,85,3.0,71.7,70.3
Plumas,8/12/2021,0.25,0.0,522,8.8,96.9,47.3,80,4.6,109.7,70.7
Plumas,8/13/2021,0.22,0.0,461,9.9,93.9,52.4,72,5.0,120.0,71.6
Plumas,8/14/2021,0.23,0.0,502,10.2,97.1,55.0,71,3.8,91.4,72.2
Plumas,8/15/2021,0.2,0.0,456,9.7,97.7,51.4,76,3.0,71.2,72.5
Plumas,8/16/2021,0.27,0.0,506,9.2,97.4,51.2,77,6.2,148.2,72.3
Plumas,8/17/2021,0.24,0.0,478,8.5,85.5,41.8,81,7.1,169.5,70.7
Plumas,8/18/2021,0.21,0.0,464,5.5,71.8,41.2,56,6.9,164.8,68.3
Plumas,8/19/2021,0.23,0.0,581,6.5,76.8,35.3,78,5.6,134.1,67.3
Plumas,8/20/2021,0.23,0.0,560,6.5,83.6,34.4,82,4.6,111.2,67.5
Plumas,8/21/2021,0.23,0.0,528,7.2,76.9,37.7,85,6.2,149.7,67.3
Plumas,8/22/2021,0.19,0.0,488,7.1,81.1,32.8,86,4.1,97.9,65.9
Plumas,8/23/2021,0.23,0.0,554,6.5,82.8,32.9,88,4.7,113.6,66.0
Plumas,8/24/2021,0.23,0.0,546,6.6,80.5,32.7,81,5.8,138.6,65.9
Plumas,8/25/2021,0.23,0.0,539,6.1,81.2,32.6,86,5.6,133.5,65.8
Plumas,8/26/2021,0.2,0.0,556,5.3,85.2,28.5,80,3.1,75.3,65.6
Plumas,8/27/2021,0.24,0.0,552,6.2,88.2,35.1,81,5.1,122.2,66.3
Plumas,8/28/2021,0.25,0.0,533,5.9,89.6,35.3,77,5.4,128.8,66.4
Plumas,8/29/2021,0.24,0.0,534,5.7,91.3,37.9,74,4.8,114.1,66.5
Plumas,8/30/2021,0.28,0.0,572,5.2,89.4,32.2,77,6.7,159.8,66.7
Plumas,8/31/2021,0.28,0.0,575,4.5,88.8,32.0,78,6.6,159.2,66.4
Plumas,9/1/2021,0.25,0.0,576,3.6,84.0,27.1,72,5.8,139.9,65.6
Plumas,9/2/2021,0.22,0.0,562,4.3,80.6,26.9,72,4.4,104.5,64.9
Plumas,9/3/2021,0.21,0.0,509,4.7,83.8,28.3,74,4.1,99.4,64.4
Plumas,9/4/2021,0.21,0.0,520,5.2,87.7,32.6,76,3.9,94.5,64.6
Plumas,9/5/2021,0.22,0.0,533,5.1,91.9,34.3,72,3.8,92.1,65.2
Plumas,9/6/2021,0.22,0.0,518,5.8,93.0,32.4,70,3.8,91.5,65.8
Plumas,9/7/2021,0.22,0.0,521,7.2,94.7,40.3,68,3.9,93.7,67.0
Plumas,9/8/2021,0.22,0.0,513,7.5,94.1,40.3,77,4.5,107.0,68.0
Plumas,9/9/2021,0.19,0.0,379,8.3,92.6,48.1,67,5.1,122.4,68.3
Plumas,9/10/2021,0.11,0.31,286,13.0,75.1,47.2,96,6.5,155.8,67.3
Plumas,9/11/2021,0.19,0.0,520,9.6,81.9,37.2,99,4.2,101.7,65.9
Plumas,9/12/2021,0.2,0.0,522,8.2,82.5,39.5,97,4.4,104.4,66.5
Plumas,9/13/2021,0.18,0.0,514,6.6,84.6,33.4,92,3.0,72.9,65.7
Plumas,9/14/2021,0.19,0.0,505,7.1,86.4,35.0,91,3.6,86.4,65.6
Plumas,9/15/2021,0.19,0.0,475,7.5,85.9,36.7,91,4.5,107.0,65.4
Plumas,9/16/2021,0.18,0.0,504,6.4,82.4,30.6,88,3.4,82.0,64.7
Plumas,9/17/2021,0.19,0.0,472,6.7,81.0,34.3,90,5.1,122.6,64.1
Plumas,9/18/2021,0.27,0.0,496,6.7,72.6,42.3,86,13.5,324.7,63.2
Plumas,9/19/2021,0.18,0.0,486,7.4,67.4,41.0,85,9.5,228.7,64.0
Plumas,9/20/2021,0.25,0.0,498,5.2,72.6,42.1,62,14.1,337.9,62.4
Plumas,9/21/2021,0.18,0.0,464,5.2,83.1,29.9,65,4.5,108.9,61.9
Plumas,9/22/2021,0.18,0.0,422,6.8,81.0,32.2,80,5.2,125.7,62.0
Plumas,9/23/2021,0.2,0.0,473,6.2,78.4,30.5,93,6.3,151.3,61.8
Plumas,9/24/2021,0.18,0.0,71,6.1,84.7,40.7,75,3.8,90.7,65.5
Plumas,9/25/2021,0.19,0.0,428,5.9,82.6,32.5,79,5.4,130.0,61.7
Plumas,9/26/2021,0.22,0.0,470,4.5,80.9,33.3,79,6.9,164.5,60.7
Plumas,9/27/2021,0.2,0.02,439,5.0,73.5,26.5,82,10.0,241.1,59.1
Plumas,9/28/2021,0.14,0.0,449,5.0,61.0,28.7,89,6.2,147.8,59.1
Plumas,9/29/2021,0.18,0.0,451,3.7,65.8,22.2,79,7.2,173.4,57.2
Plumas,9/30/2021,0.2,0.0,457,3.3,71.7,21.7,73,7.8,186.7,56.1
Plumas,10/1/2021,0.15,0.0,440,3.2,77.2,23.4,67,3.6,86.9,56.4
Plumas,10/2/2021,0.16,0.0,439,3.5,78.6,24.4,64,3.7,88.2,56.9
Plumas,10/3/2021,0.13,0.0,374,4.2,81.0,26.9,69,2.7,64.1,56.6
Plumas,10/4/2021,0.15,0.0,376,4.3,78.4,25.5,77,4.2,99.8,56.1
Plumas,10/5/2021,0.15,0.0,326,5.3,73.7,27.6,79,6.4,154.3,55.4
Plumas,10/6/2021,0.17,0.0,347,6.8,67.8,39.8,67,8.9,214.6,56.5
Plumas,10/7/2021,0.06,0.06,163,8.3,62.0,34.0,89,6.0,144.2,54.8
Plumas,10/8/2021,0.11,0.14,376,6.7,56.0,26.5,92,6.8,162.9,54.1
Plumas,10/9/2021,0.11,0.0,409,5.0,59.9,19.6,95,3.3,78.8,52.4
Plumas,10/10/2021,0.13,0.0,402,5.1,68.6,18.9,95,4.7,112.6,52.3
Plumas,10/11/2021,0.1,0.0,265,4.1,47.6,32.2,70,10.9,262.1,51.8
Plumas,10/12/2021,0.12,0.0,410,2.8,49.9,21.5,72,7.8,188.0,49.2
Plumas,10/13/2021,0.08,0.0,289,4.4,57.5,21.5,82,4.2,101.2,48.2
Plumas,10/14/2021,0.13,0.0,392,4.0,57.5,15.2,94,6.9,165.1,48.1
Plumas,10/15/2021,0.12,0.0,390,3.7,70.8,15.3,88,3.8,92.0,48.8
Plumas,10/16/2021,0.13,0.0,386,4.0,73.0,18.6,86,4.1,97.6,49.8
Plumas,10/17/2021,0.16,0.07,352,4.4,65.0,23.9,96,10.6,255.6,49.2
Plumas,10/18/2021,0.03,0.03,172,5.8,44.8,23.7,98,4.5,108.9,47.5
Plumas,10/19/2021,0.07,0.0,242,5.4,56.2,23.2,99,3.8,90.7,46.5
Plumas,10/20/2021,0.09,0.02,190,6.9,56.8,40.4,96,9.2,219.9,47.7
Plumas,10/21/2021,0.04,0.07,168,11.1,61.2,35.9,99,5.5,132.0,49.3
Plumas,10/22/2021,0.08,0.35,258,8.0,57.0,38.4,91,9.8,234.7,50.1
Plumas,10/23/2021,0.02,0.07,120,7.4,46.3,35.4,92,4.6,110.1,48.0
Plumas,10/24/2021,0.0,4.59,15,9.1,49.0,32.4,99,5.1,121.4,46.5
Plumas,10/25/2021,0.04,1.33,212,6.6,43.4,32.5,99,4.5,108.8,43.8
Plumas,10/26/2021,0.03,0.0,163,6.9,45.5,34.1,96,5.4,128.5,43.7
Plumas,10/27/2021,0.07,0.0,275,9.1,61.5,35.8,99,3.8,91.5,46.7
Plumas,10/28/2021,0.07,0.0,307,8.6,66.8,31.4,99,2.5,59.0,48.3
Plumas,10/29/2021,0.07,0.0,272,7.8,68.6,30.9,100,2.8,66.7,48.6
Plumas,10/30/2021,0.07,0.0,221,7.8,62.5,30.8,99,5.5,131.1,48.1
Plumas,10/31/2021,0.09,0.0,298,7.1,60.7,34.0,91,5.7,136.9,48.1
Plumas,11/1/2021,0.03,0.0,86,7.9,54.1,40.0,92,4.7,113.0,47.6
Plumas,11/2/2021,0.07,0.0,286,8.1,62.1,33.7,99,3.3,79.2,48.2
Plumas,11/3/2021,0.08,0.0,294,7.9,68.7,30.0,100,3.4,81.4,48.7
Plumas,11/4/2021,0.11,0.0,289,6.4,59.8,25.9,95,8.5,204.8,49.2
Plumas,11/5/2021,0.12,0.0,268,3.6,63.2,20.9,97,6.9,165.0,46.4
Plumas,11/6/2021,0.04,0.02,108,6.4,49.3,37.2,88,7.5,180.1,46.1
Plumas,11/7/2021,0.07,0.0,304,4.7,50.1,22.5,96,4.3,102.9,44.8
Plumas,11/8/2021,0.08,0.0,276,4.3,55.3,22.0,95,5.3,127.8,43.6
Plumas,11/9/2021,0.05,0.23,174,8.1,53.3,35.8,89,9.7,232.4,44.9
Plumas,11/10/2021,0.05,0.0,202,7.8,57.1,31.5,99,3.7,88.4,45.7
Plumas,11/11/2021,0.06,0.0,254,7.5,66.6,28.6,99,2.2,53.8,45.3
Plumas,11/12/2021,0.06,0.0,279,6.9,65.2,26.4,100,2.0,46.8,45.5
Plumas,11/13/2021,0.06,0.0,275,7.0,64.6,24.8,100,2.2,52.0,45.3
Plumas,11/14/2021,0.06,0.0,250,7.4,68.3,27.2,100,2.0,47.9,45.4
Plumas,11/15/2021,0.06,0.0,141,6.2,64.5,28.9,100,5.6,133.5,44.8
Plumas,11/16/2021,0.08,0.0,259,5.8,60.3,31.7,79,5.9,140.5,45.9
Plumas,11/17/2021,0.1,0.0,269,4.2,52.0,24.3,93,10.8,260.3,44.2
Plumas,11/18/2021,0.06,0.0,150,4.9,62.1,23.1,97,5.2,125.1,42.3
Plumas,11/19/2021,0.04,0.01,149,7.8,54.8,33.2,99,6.0,143.4,43.6
Plumas,11/20/2021,0.07,0.0,261,5.7,49.6,29.1,95,8.1,193.5,43.2
Plumas,11/21/2021,0.09,0.0,265,4.8,52.5,21.7,96,10.7,256.5,41.8
Plumas,11/22/2021,0.05,0.0,258,4.2,56.7,15.9,99,2.0,48.5,40.3
Plumas,11/23/2021,0.08,0.0,244,3.8,53.2,17.5,89,6.9,166.8,39.5
Plumas,11/24/2021,0.09,0.0,256,3.3,46.1,21.2,72,12.4,297.2,38.7
Plumas,11/25/2021,0.05,0.0,237,3.5,51.1,15.5,91,2.7,65.5,37.9
Plumas,11/26/2021,0.06,0.0,235,4.2,62.5,24.0,91,2.8,67.5,38.8
Plumas,11/27/2021,0.06,0.0,237,4.6,61.2,19.4,95,2.8,67.3,39.4
Plumas,11/28/2021,0.05,0.0,238,5.0,64.1,20.7,96,1.8,43.6,39.4
Plumas,11/29/2021,0.05,0.0,240,5.0,66.6,19.7,99,2.4,58.5,39.5
Plumas,11/30/2021,0.04,0.0,207,4.9,59.4,18.1,97,2.5,61.0,38.9
Plumas,12/1/2021,0.06,0.0,241,4.8,61.1,18.6,98,3.4,82.0,38.5
Plumas,12/2/2021,0.05,0.0,236,4.8,64.1,16.5,99,1.8,43.0,38.2
Plumas,12/3/2021,0.05,0.0,233,5.0,61.0,18.1,99,1.9,46.1,38.1
Plumas,12/4/2021,0.05,0.0,230,4.8,60.4,16.8,99,2.3,54.5,37.8
Plumas,12/5/2021,0.05,0.0,225,4.2,59.5,14.3,94,2.3,55.2,37.2
Plumas,12/6/2021,0.01,0.04,46,5.6,46.9,21.1,96,2.9,68.7,36.5
Plumas,12/7/2021,0.05,0.01,208,7.1,52.1,22.9,100,5.5,132.0,38.8
Plumas,12/8/2021,0.03,0.0,111,6.5,51.1,23.5,100,5.9,142.6,38.2
Plumas,12/9/2021,0.03,0.09,185,5.0,41.8,18.1,99,5.5,132.3,38.9
Plumas,12/10/2021,0.04,0.0,224,3.2,36.3,12.4,95,3.3,79.5,35.8
Plumas,12/11/2021,0.05,0.0,160,3.5,44.2,15.4,95,5.8,139.1,34.4
Plumas,12/12/2021,0.04,0.23,122,6.1,46.0,33.1,90,11.5,276.9,35.5
Plumas,12/13/2021,0.02,0.6,75,6.8,43.4,32.0,99,10.6,253.4,37.3
Plumas,12/14/2021,0.0,0.07,28,4.1,42.5,-3.6,99,1.0,24.0,36.4
Plumas,12/15/2021,0.01,0.27,46,3.7,32.8,-7.2,99,6.2,148.7,35.9
Plumas,12/16/2021,0.01,0.24,84,4.4,36.4,-3.2,99,4.3,102.1,35.6
Plumas,12/17/2021,0.01,0.0,162,1.4,18.2,-7.2,89,1.7,39.7,35.4
Plumas,12/18/2021,0.01,0.0,154,1.8,25.3,-3.2,92,1.2,29.8,34.9
Plumas,12/19/2021,0.02,0.0,182,1.9,41.9,-3.9,87,3.0,72.2,34.6
Plumas,12/20/2021,0.03,0.0,218,2.6,34.8,0.8,89,4.1,99.5,34.3
Plumas,12/21/2021,0.02,0.0,203,3.0,40.9,0.2,96,3.0,71.5,34.3
Plumas,12/22/2021,0.03,0.44,145,6.3,44.2,30.6,99,5.7,136.6,34.2
Plumas,12/23/2021,0.0,1.56,23,6.5,37.5,32.4,99,3.1,75.2,33.9
Plumas,12/24/2021,0.04,0.29,200,5.7,38.6,29.9,99,10.6,254.8,34.0
Plumas,12/25/2021,0.01,0.11,100,5.4,31.9,24.5,99,11.3,271.3,34.1
Plumas,12/26/2021,0.03,0.0,158,4.0,27.3,19.6,99,13.8,332.0,34.2
Plumas,12/27/2021,0.02,0.06,167,4.4,29.9,21.8,99,11.4,274.5,34.3
Plumas,12/28/2021,0.02,0.0,170,3.8,32.0,17.1,99,4.3,102.4,34.4
Plumas,12/29/2021,0.02,0.03,159,4.1,33.9,17.8,99,2.4,57.5,34.4
Plumas,12/30/2021,0.02,0.0,160,3.5,32.7,7.4,100,3.4,82.4,34.5
Plumas,12/31/2021,0.03,0.0,219,2.9,30.8,1.3,93,4.4,105.8,34.5
Plumas,1/1/2022,0.02,0.0,227,1.3,17.5,-13.8,91,2.2,52.8,34.5
Plumas,1/2/2022,0.01,0.0,182,1.6,29.9,-10.9,89,2.3,56.2,34.3
Plumas,1/3/2022,0.05,0.0,134,4.4,40.3,16.6,83,14.1,338.3,34.1
Plumas,1/4/2022,0.03,0.0,113,6.3,40.7,35.0,90,9.1,218.2,34.1
Plumas,1/5/2022,0.03,0.0,182,6.7,47.8,29.5,99,4.0,97.1,34.1
Plumas,1/6/2022,0.03,0.0,212,5.4,43.8,22.9,99,2.5,59.3,34.2
Plumas,1/7/2022,0.05,0.0,197,6.0,42.2,27.3,99,8.5,205.0,34.2
Plumas,1/8/2022,0.03,0.0,234,4.4,38.2,17.0,99,3.8,91.5,34.3
Plumas,1/9/2022,0.03,0.0,240,3.7,40.6,13.5,99,2.3,54.9,34.1
Plumas,1/10/2022,0.03,0.0,201,3.9,36.9,12.5,99,2.0,47.1,33.8
Plumas,1/11/2022,0.03,0.0,194,4.1,35.8,13.7,99,1.7,40.7,33.6
Plumas,1/12/2022,0.04,0.0,241,4.4,39.8,15.6,100,1.9,45.7,33.5
Plumas,1/13/2022,0.06,0.0,233,4.0,49.2,12.8,99,4.9,117.3,33.4
Plumas,1/14/2022,0.06,0.0,258,4.9,42.3,16.8,97,10.6,254.3,33.3
Plumas,1/15/2022,0.03,0.0,212,4.4,40.2,17.4,99,2.2,53.4,33.4
Plumas,1/16/2022,0.03,0.0,237,4.1,37.9,11.8,100,1.8,43.9,33.3
Plumas,1/17/2022,0.03,0.0,103,4.6,38.6,17.0,99,2.1,50.4,33.1
Plumas,1/18/2022,0.04,0.0,232,4.3,40.1,15.0,99,2.1,49.3,33.0
Plumas,1/19/2022,0.04,0.0,255,4.3,43.8,13.1,100,2.3,54.6,32.9
Plumas,1/20/2022,0.04,0.0,259,4.4,44.4,15.3,99,2.5,60.0,32.8
Plumas,1/21/2022,0.05,0.0,274,4.2,38.2,13.8,99,6.8,163.1,32.7
Plumas,1/22/2022,0.06,0.0,272,4.3,40.7,26.2,78,8.6,206.9,32.7
Plumas,1/23/2022,0.05,0.0,275,4.6,43.7,21.7,96,6.6,159.5,32.7
Plumas,1/24/2022,0.04,0.0,252,4.1,40.2,11.7,99,1.8,43.8,32.7
Plumas,1/25/2022,0.07,0.0,287,3.8,40.1,15.2,99,9.2,221.1,32.6
Plumas,1/26/2022,0.04,0.0,291,3.7,42.7,12.0,96,3.1,75.3,32.5
Plumas,1/27/2022,0.07,0.0,294,3.8,42.1,15.3,94,8.9,212.6,32.4
Plumas,1/28/2022,0.05,0.0,285,3.8,46.9,15.6,96,3.4,81.1,32.3
Plumas,1/29/2022,0.05,0.0,290,3.8,42.6,13.6,99,1.8,44.3,32.3
Plumas,1/30/2022,0.04,0.0,286,3.9,44.6,10.2,99,1.9,44.8,32.2
Plumas,1/31/2022,0.06,0.0,305,4.1,52.4,18.2,95,4.5,108.2,32.1
Plumas,2/1/2022,0.06,0.0,312,2.9,33.5,14.5,87,8.1,195.5,32.2
Plumas,2/2/2022,0.06,0.0,308,2.9,33.8,11.4,93,6.8,162.1,31.8
Plumas,2/3/2022,0.06,0.0,300,3.6,42.1,11.7,94,5.5,131.5,31.2
Plumas,2/4/2022,0.06,0.0,318,4.2,45.2,17.4,96,4.0,95.0,31.6
Plumas,2/5/2022,0.06,0.0,320,4.4,46.2,17.3,99,4.5,106.9,32.0
Plumas,2/6/2022,0.09,0.0,323,4.2,47.4,16.9,96,7.5,180.9,32.1
Plumas,2/7/2022,0.06,0.0,332,4.6,49.6,20.5,96,2.3,54.9,32.1
Plumas,2/8/2022,0.07,0.0,327,4.8,53.1,19.8,100,4.1,97.2,32.1
Plumas,2/9/2022,0.08,0.0,316,5.0,53.2,22.8,97,5.1,123.3,32.1
Plumas,2/10/2022,0.1,0.0,337,6.1,57.7,26.9,96,7.6,182.1,33.7
Plumas,2/11/2022,0.08,0.0,345,6.0,61.1,26.1,99,5.1,121.6,35.2
Plumas,2/12/2022,0.08,0.0,346,6.1,60.1,26.4,98,2.8,66.8,36.5
Plumas,2/13/2022,0.08,0.0,348,5.8,63.0,25.6,99,2.6,63.5,37.6
Plumas,2/14/2022,0.11,0.0,301,5.5,55.8,27.0,99,9.5,227.6,37.5
Plumas,2/15/2022,0.08,0.01,316,4.1,37.9,26.8,98,10.5,251.8,36.7
Plumas,2/16/2022,0.08,0.0,382,4.5,44.9,21.4,93,7.3,175.4,36.2
Plumas,2/17/2022,0.09,0.0,364,4.5,49.7,27.1,91,7.8,187.5,36.7
Plumas,2/18/2022,0.11,0.0,2,5.1,48.7,28.7,98,6.0,145.1,39.3
Plumas,2/19/2022,0.09,0.0,378,4.9,59.1,22.4,97,3.4,81.7,38.0
Plumas,2/20/2022,0.11,0.0,335,4.6,53.3,25.3,96,7.5,179.7,37.7
Plumas,2/21/2022,0.07,0.13,363,3.9,36.0,23.1,99,7.9,190.0,36.9
Plumas,2/22/2022,0.04,0.06,287,3.2,29.1,15.4,88,6.0,144.6,35.0
Plumas,2/23/2022,0.06,0.0,398,2.5,29.3,8.2,87,4.8,116.2,34.4
Plumas,2/24/2022,0.07,0.0,403,2.7,43.7,6.9,88,4.5,108.6,33.6
Plumas,2/25/2022,0.09,0.0,406,3.4,39.1,16.5,92,8.9,213.7,33.5
Plumas,2/26/2022,0.07,0.0,356,4.2,47.0,19.0,88,3.4,80.8,33.9
Plumas,2/27/2022,0.1,0.0,376,6.0,57.7,28.1,98,3.1,75.2,36.9
Plumas,2/28/2022,0.11,0.0,404,5.7,64.3,25.4,99,2.8,66.8,39.2
Plumas,3/1/2022,0.11,0.0,368,6.3,64.0,28.7,99,3.9,94.3,40.8
Plumas,3/2/2022,0.14,0.0,401,5.9,64.5,29.0,99,5.6,135.2,41.7
Plumas,3/3/2022,0.07,0.0,245,5.8,57.7,25.8,94,5.0,121.0,40.9
Plumas,3/4/2022,0.08,0.01,284,5.8,50.8,25.2,99,7.8,187.1,40.1
Plumas,3/5/2022,0.03,0.04,175,4.5,33.8,24.2,97,3.9,94.0,37.5
Plumas,3/6/2022,0.09,0.0,442,3.9,41.3,17.6,95,4.0,94.9,37.8
Plumas,3/7/2022,0.11,0.0,444,3.6,45.8,23.2,89,7.5,179.7,37.7
Plumas,3/8/2022,0.1,0.0,394,4.4,52.7,20.3,93,3.7,88.0,38.1
Plumas,3/9/2022,0.1,0.0,357,4.9,52.8,25.1,94,5.8,138.3,39.1
Plumas,3/10/2022,0.11,0.0,465,2.7,42.3,20.3,74,10.3,246.3,38.5
Plumas,3/11/2022,0.11,0.0,463,3.3,58.9,16.1,87,3.3,80.3,38.7
Plumas,3/12/2022,0.18,0.0,463,3.8,57.9,21.8,93,10.3,247.3,39.5
Plumas,3/13/2022,0.12,0.0,370,5.3,48.2,27.6,92,11.0,263.9,39.9
Plumas,3/14/2022,0.13,0.0,395,4.9,62.2,22.6,98,5.2,123.8,40.4
Plumas,3/15/2022,0.1,0.17,327,7.2,54.2,31.5,97,7.0,167.7,42.7
Plumas,3/16/2022,0.12,0.0,472,5.2,56.9,25.3,100,3.6,85.3,43.5
Plumas,3/17/2022,0.08,0.0,252,5.2,54.5,24.0,95,4.6,111.2,42.2
Plumas,3/18/2022,0.13,0.0,450,5.4,62.3,22.7,98,4.1,98.3,42.9
Plumas,3/19/2022,0.04,0.01,153,6.2,46.9,32.4,96,7.1,170.0,42.3
Plumas,3/20/2022,0.12,0.0,494,3.9,52.9,22.5,91,4.6,109.7,42.0
Plumas,3/21/2022,0.14,0.0,462,6.0,61.4,23.1,93,5.4,130.4,43.6
Plumas,3/22/2022,0.18,0.0,57,7.6,63.9,35.8,87,7.1,171.4,49.3
Plumas,3/23/2022,0.17,0.0,509,7.5,69.7,27.8,99,4.5,108.7,47.3
Plumas,3/24/2022,0.16,0.0,484,7.2,71.4,27.3,100,3.9,92.7,48.3
Plumas,3/25/2022,0.18,0.0,520,6.9,70.8,28.0,99,5.1,123.1,48.7
Plumas,3/26/2022,0.15,0.0,394,7.1,67.6,31.8,95,5.4,130.7,48.9
Plumas,3/27/2022,0.17,0.0,448,6.8,67.2,36.2,95,6.7,160.5,49.1
Plumas,3/28/2022,0.06,0.27,207,6.3,51.5,32.3,99,5.3,127.0,47.1
Plumas,3/29/2022,0.12,0.0,455,7.5,59.8,32.3,99,3.8,90.4,47.0
Plumas,3/30/2022,0.11,0.0,364,7.0,57.2,28.3,100,5.2,124.7,47.3
Plumas,3/31/2022,0.16,0.0,509,5.1,59.4,26.2,97,6.1,147.4,47.6
Plumas,4/1/2022,0.17,0.0,548,5.4,64.9,22.2,92,4.9,116.6,47.9
Plumas,4/2/2022,0.16,0.0,539,5.2,63.2,25.4,98,3.9,92.9,48.9
Plumas,4/3/2022,0.17,0.0,509,4.1,63.6,21.3,95,5.4,129.0,47.9
Plumas,4/4/2022,0.16,0.0,386,6.6,60.2,30.8,78,10.8,258.8,47.1
Plumas,4/5/2022,0.18,0.0,560,5.3,59.7,29.4,84,6.7,161.7,48.9
Plumas,4/6/2022,0.22,0.0,564,4.1,65.5,20.2,88,8.4,202.4,48.2
Plumas,4/7/2022,0.18,0.0,551,5.7,76.4,25.3,88,3.3,79.4,49.4
Plumas,4/8/2022,0.2,0.0,503,6.0,71.7,27.3,94,6.1,147.2,50.0
Plumas,4/9/2022,0.19,0.0,578,3.8,57.6,29.4,76,8.2,195.8,50.2
Plumas,4/10/2022,0.18,0.0,549,3.3,56.9,23.1,68,7.4,177.9,48.7
Plumas,4/11/2022,0.1,0.07,368,4.7,42.1,23.7,99,13.5,323.6,45.5
Plumas,4/12/2022,0.12,0.0,508,3.3,40.6,14.2,91,6.3,151.9,42.2
Plumas,4/13/2022,0.13,0.0,410,3.8,48.9,22.8,80,9.1,219.3,41.5
Plumas,4/14/2022,0.08,0.0,309,6.3,46.1,30.4,91,9.8,234.9,42.4
Plumas,4/15/2022,0.17,0.0,554,6.6,52.6,35.0,87,10.8,260.0,44.2
Plumas,4/16/2022,0.14,0.33,431,7.1,51.0,34.8,97,11.4,273.0,45.2
Plumas,4/17/2022,0.2,0.0,616,4.9,59.7,24.3,94,6.2,148.2,45.6
Plumas,4/18/2022,0.27,0.0,612,4.6,59.6,18.9,90,16.8,403.0,45.3
Plumas,4/19/2022,0.15,0.13,501,6.0,48.0,28.7,91,11.9,286.8,45.6
Plumas,4/20/2022,0.2,0.13,603,5.6,54.9,23.2,93,11.6,279.6,45.0
Plumas,4/21/2022,0.08,0.75,366,6.5,41.8,32.3,99,6.2,148.6,44.0
Plumas,4/22/2022,0.11,0.0,475,5.7,49.6,29.0,99,5.1,122.5,43.7
Plumas,4/23/2022,0.16,0.0,616,5.4,56.0,23.5,99,3.4,82.0,45.6
Plumas,4/24/2022,0.18,0.0,623,5.5,63.2,23.5,97,3.8,90.3,47.4
Plumas,4/25/2022,0.2,0.0,591,6.2,63.8,28.8,98,6.0,143.3,48.5
Plumas,4/26/2022,0.21,0.0,92,6.4,60.4,33.2,81,5.1,122.6,51.5
Plumas,4/27/2022,0.21,0.0,635,5.4,61.0,24.3,95,5.9,141.6,49.3
Plumas,4/28/2022,0.2,0.0,591,4.7,53.9,29.0,81,9.0,216.2,48.5
Plumas,4/29/2022,0.18,0.0,628,5.7,65.1,21.2,94,3.0,72.8,48.6
Plumas,4/30/2022,0.21,0.0,630,7.0,62.4,29.4,97,6.8,163.9,49.9
Plumas,5/1/2022,0.19,0.0,656,5.6,58.2,28.7,86,6.6,157.8,50.9
Plumas,5/2/2022,0.18,0.0,516,5.1,55.3,22.8,92,9.1,217.5,49.1
Plumas,5/3/2022,0.2,0.0,665,5.1,61.6,25.8,80,7.2,173.1,49.2
Plumas,5/4/2022,0.22,0.0,666,6.7,74.9,25.6,96,4.4,104.4,50.6
Plumas,5/5/2022,0.23,0.0,487,7.0,64.7,36.0,84,12.5,299.0,51.2
Plumas,5/6/2022,0.23,0.0,563,8.6,64.3,42.6,82,15.0,360.0,51.4
Plumas,5/7/2022,0.23,0.0,674,5.6,56.5,34.9,76,10.8,258.4,51.1
Plumas,5/8/2022,0.13,0.01,491,5.0,43.8,27.9,92,10.6,254.3,48.8
Plumas,5/9/2022,0.11,0.02,470,4.7,42.3,26.2,95,6.5,157.0,46.4
Plumas,5/10/2022,0.11,0.0,506,4.6,42.9,18.9,98,5.2,125.4,45.4
Plumas,5/11/2022,0.13,0.0,498,4.8,50.7,24.5,98,3.9,93.4,45.9
Plumas,5/12/2022,0.17,0.0,537,4.7,57.3,20.2,95,6.0,143.3,46.4
Plumas,5/13/2022,0.22,0.0,689,6.1,67.4,20.7,88,5.1,122.8,47.9
Plumas,5/14/2022,0.23,0.0,677,7.9,76.8,29.1,95,3.5,82.8,50.4
Plumas,5/15/2022,0.25,0.0,647,8.8,75.1,32.7,99,5.4,130.7,52.2
Plumas,5/16/2022,0.23,0.0,611,7.0,72.0,33.2,98,5.5,130.9,53.1
Plumas,5/17/2022,0.22,0.0,699,6.4,76.9,26.6,96,3.1,73.9,52.8
Plumas,5/18/2022,0.24,0.0,674,7.9,80.0,32.4,96,4.1,98.5,53.9
Plumas,5/19/2022,0.25,0.0,624,7.1,72.3,37.1,92,7.9,189.3,54.5
Plumas,5/20/2022,0.24,0.0,710,3.7,56.0,26.4,70,11.5,276.9,53.4
Plumas,5/21/2022,0.22,0.0,704,4.7,67.4,20.4,94,4.1,98.5,52.3
Plumas,5/22/2022,0.23,0.0,683,6.0,73.3,27.7,91,3.7,89.9,53.0
Plumas,5/23/2022,0.23,0.0,688,6.4,74.4,29.8,93,3.9,93.2,53.9
Plumas,5/24/2022,0.24,0.0,689,7.2,78.9,33.3,92,4.0,95.0,55.0
Plumas,5/25/2022,0.25,0.0,676,9.3,82.3,35.2,94,4.1,98.5,55.9
Plumas,5/26/2022,0.27,0.0,850,8.2,77.6,38.6,97,9.5,227.1,56.7
Plumas,5/27/2022,0.25,0.0,608,7.2,71.9,31.2,90,8.0,193.0,55.5
Plumas,5/28/2022,0.17,0.01,478,8.4,61.5,41.8,85,9.5,228.8,55.0
Plumas,5/29/2022,0.21,0.0,642,5.7,60.7,33.6,85,6.6,159.6,53.9
Plumas,5/30/2022,0.19,0.0,596,5.3,61.0,32.3,85,4.7,112.8,54.2
Plumas,5/31/2022,0.24,0.0,720,5.8,66.8,26.1,98,6.2,149.6,54.2
Plumas,6/1/2022,0.24,0.0,694,6.7,76.7,27.6,96,3.7,88.6,54.8
Plumas,6/2/2022,0.21,0.0,515,8.2,74.8,37.8,89,5.7,137.5,55.8
Plumas,6/3/2022,0.24,0.0,594,9.0,70.1,38.4,93,7.0,169.1,55.9
Plumas,6/4/2022,0.18,0.0,473,8.5,62.3,47.8,88,9.6,229.9,56.0
Plumas,6/5/2022,0.19,0.02,526,10.7,66.7,38.7,93,8.7,207.8,56.0
Plumas,6/6/2022,0.25,0.0,736,7.1,73.8,30.6,100,4.4,104.7,55.8
Plumas,6/7/2022,0.24,0.0,688,7.4,80.3,29.0,96,3.7,87.8,56.5
Plumas,6/8/2022,0.24,0.0,633,9.9,78.9,37.9,90,4.7,113.4,57.8
Plumas,6/9/2022,0.24,0.0,656,11.9,83.2,39.2,99,3.8,91.7,58.9
Plumas,6/10/2022,0.28,0.0,699,10.3,84.2,41.1,98,5.2,124.0,60.0
Plumas,6/11/2022,0.31,0.0,682,11.0,80.3,40.6,92,8.3,199.5,60.2
Plumas,6/12/2022,0.18,0.05,458,12.2,68.2,45.8,88,10.9,262.6,60.3
Plumas,6/13/2022,0.2,0.0,622,6.8,63.5,36.5,96,5.4,129.4,58.1
Plumas,6/14/2022,0.24,0.0,733,5.3,72.6,25.6,95,4.4,105.2,57.1
Plumas,6/15/2022,0.28,0.0,727,6.7,82.1,28.6,94,4.9,116.7,57.8
Plumas,6/16/2022,0.32,0.0,662,6.1,75.9,42.4,67,10.2,244.3,58.4
Plumas,6/17/2022,0.28,0.0,720,4.2,62.2,35.9,74,9.2,221.2,57.3
Plumas,6/18/2022,0.19,0.03,655,6.1,58.7,26.7,90,5.7,135.8,55.7
Plumas,6/19/2022,0.19,0.0,583,6.2,65.3,24.0,98,4.3,103.2,55.0
Plumas,6/20/2022,0.24,0.0,630,6.1,73.4,27.1,93,6.4,153.4,55.9
Plumas,6/21/2022,0.28,0.0,723,6.1,80.8,30.1,89,5.6,133.8,57.4
Plumas,6/22/2022,0.27,0.0,708,7.6,86.1,33.1,93,4.2,101.3,58.5
Plumas,6/23/2022,0.13,0.05,344,10.9,78.4,45.3,92,4.1,98.0,60.0
Plumas,6/24/2022,0.26,0.0,684,9.2,84.3,37.8,99,3.7,88.4,59.4
Plumas,6/25/2022,0.24,0.0,533,9.6,87.2,39.5,96,6.2,148.8,60.2
Plumas,6/26/2022,0.26,0.0,653,9.7,88.2,39.2,99,4.5,109.0,60.5
Plumas,6/27/2022,0.31,0.0,721,7.3,87.1,36.3,94,6.4,154.7,60.8
Plumas,6/28/2022,0.32,0.0,719,7.4,83.7,32.3,86,7.2,172.0,60.8
Plumas,6/29/2022,0.31,0.0,721,7.2,82.9,36.7,81,6.8,162.1,60.7
Plumas,6/30/2022,0.3,0.0,727,6.6,80.7,33.1,93,6.4,153.9,60.6
Plumas,7/1/2022,0.27,0.0,730,6.0,81.4,30.2,87,4.7,112.2,60.2
Plumas,7/2/2022,0.29,0.0,707,5.8,78.2,30.2,88,6.8,164.1,60.0
Plumas,7/3/2022,0.25,0.0,612,6.1,72.2,39.5,68,6.3,151.1,59.7
Plumas,7/4/2022,0.25,0.0,695,8.4,74.0,34.2,88,5.9,141.6,59.5
Plumas,7/5/2022,0.25,0.0,128,11.5,70.4,47.4,94,5.7,137.5,62.2
Plumas,7/6/2022,0.27,0.0,710,10.9,77.3,38.1,99,6.4,154.8,61.1
Plumas,7/7/2022,0.27,0.0,710,9.6,79.3,37.0,99,5.5,131.7,61.6
Plumas,7/8/2022,0.28,0.0,712,8.5,82.0,37.2,91,5.6,133.7,61.8
Plumas,7/9/2022,0.28,0.0,709,8.7,80.7,35.4,94,5.4,129.5,62.1
Plumas,7/10/2022,0.26,0.0,703,8.3,89.3,33.2,96,3.3,79.2,62.6
Plumas,7/11/2022,0.3,0.0,695,9.6,93.3,40.4,92,5.0,121.0,64.0
Plumas,7/12/2022,0.29,0.0,678,10.1,92.2,45.0,89,4.4,106.7,64.9
Plumas,7/13/2022,0.29,0.0,691,9.2,85.8,41.7,93,5.8,139.9,64.7
Plumas,7/14/2022,0.29,0.0,707,8.1,87.9,40.1,87,5.1,123.3,64.2
Plumas,7/15/2022,0.29,0.0,703,8.4,89.3,36.1,93,4.9,116.6,64.0
Plumas,7/16/2022,0.3,0.0,687,9.9,89.9,44.8,87,5.4,130.1,65.0
Plumas,7/17/2022,0.32,0.0,669,10.8,89.3,45.9,85,7.2,173.4,65.5
Plumas,7/18/2022,0.31,0.0,663,11.1,88.3,49.8,82,7.2,172.4,66.0
Plumas,7/19/2022,0.28,0.0,657,10.8,87.9,51.8,78,5.1,123.3,66.5
Plumas,7/20/2022,0.29,0.0,690,8.4,90.5,40.8,94,4.6,110.1,66.1
Plumas,7/21/2022,0.3,0.0,695,7.6,91.8,38.7,86,5.4,129.5,65.8
Plumas,7/22/2022,0.29,0.0,706,5.8,87.1,34.5,85,5.3,126.8,65.1
Plumas,7/23/2022,0.27,0.0,701,5.6,88.1,33.3,80,4.3,102.7,64.5
Plumas,7/24/2022,0.26,0.0,656,7.8,92.3,37.0,83,3.6,86.7,65.0
Plumas,7/25/2022,0.27,0.0,652,9.2,95.0,46.1,83,4.0,97.0,66.1
Plumas,7/26/2022,0.15,0.0,357,10.7,87.8,47.8,85,3.4,80.5,66.3
Plumas,7/27/2022,0.23,0.0,517,12.2,93.7,54.5,84,4.1,99.1,67.1
Plumas,7/28/2022,0.28,0.0,656,10.4,96.5,49.4,89,4.1,98.7,67.9
Plumas,7/29/2022,0.27,0.0,645,9.8,97.4,47.4,81,4.4,104.7,68.5
Plumas,7/30/2022,0.18,0.0,393,11.9,96.0,49.2,84,3.8,91.2,68.2
Plumas,7/31/2022,0.25,0.0,545,13.5,92.8,54.0,85,5.0,120.9,68.5
Plumas,8/1/2022,0.11,0.0,260,12.9,78.4,54.2,77,4.7,113.7,67.7
Plumas,8/2/2022,0.25,0.0,616,12.5,86.6,45.4,94,4.6,111.0,66.9
Plumas,8/3/2022,0.24,0.0,596,13.7,90.7,51.6,91,4.1,98.6,68.4
Plumas,8/4/2022,0.25,0.0,605,13.3,90.2,48.4,94,4.7,112.8,68.6
Plumas,8/5/2022,0.13,0.13,361,16.8,77.8,58.7,94,4.4,105.3,68.7
Plumas,8/6/2022,0.25,0.0,644,12.9,85.7,49.2,99,4.1,99.2,68.1
Plumas,8/7/2022,0.25,0.0,622,11.6,90.6,46.1,99,4.3,103.5,68.1
Plumas,8/8/2022,0.2,0.0,474,11.9,89.0,50.8,90,4.2,102.0,68.2
Plumas,8/9/2022,0.2,0.0,461,11.8,84.6,48.5,92,6.1,146.0,67.5
Plumas,8/10/2022,0.28,0.0,639,9.6,82.9,39.8,97,6.9,166.8,66.4
Plumas,8/11/2022,0.27,0.0,639,8.2,84.9,39.5,89,5.6,133.7,66.0
Plumas,8/12/2022,0.26,0.0,651,7.0,85.5,35.9,89,5.4,129.7,65.5
Plumas,8/13/2022,0.25,0.0,652,5.8,87.2,29.8,90,4.3,102.2,64.9
Plumas,8/14/2022,0.25,0.0,649,5.9,87.1,32.2,88,4.2,101.3,64.8
Plumas,8/15/2022,0.25,0.0,629,6.4,91.3,32.5,84,3.8,91.9,64.8
Plumas,8/16/2022,0.21,0.0,486,8.4,90.6,38.7,84,4.8,114.8,65.2
Plumas,8/17/2022,0.14,0.13,324,12.8,89.5,54.3,85,5.4,128.8,66.4
Plumas,8/18/2022,0.17,0.25,463,13.8,82.8,49.6,98,4.2,100.6,66.2
Plumas,8/19/2022,0.23,0.0,827,10.2,88.3,54.3,99,4.5,107.0,67.6
Plumas,8/20/2022,0.24,0.0,632,9.6,90.7,44.0,94,3.5,85.0,66.9
Plumas,8/21/2022,0.26,0.0,631,8.8,88.8,43.4,90,5.0,119.5,66.9
Plumas,8/22/2022,0.25,0.0,637,7.6,89.0,37.8,89,4.8,115.2,66.1
Plumas,8/23/2022,0.24,0.0,641,7.2,89.6,34.8,88,3.7,89.6,65.6
Plumas,8/24/2022,0.25,0.0,471,6.6,89.1,44.2,93,7.1,169.4,67.2
Plumas,8/25/2022,0.25,0.0,812,6.7,89.3,45.7,88,6.7,161.0,65.8
Plumas,8/26/2022,0.26,0.0,596,6.4,87.9,34.2,84,5.7,136.8,64.7
Plumas,8/27/2022,0.25,0.0,586,7.0,85.5,32.9,89,5.7,135.9,64.1
Plumas,8/28/2022,0.23,0.0,581,7.8,88.0,35.1,90,3.9,93.7,64.3
Plumas,8/29/2022,0.23,0.0,559,8.6,92.5,37.8,88,4.3,102.3,65.0
Plumas,8/30/2022,0.23,0.0,554,10.1,92.1,46.0,84,4.2,101.8,66.4
Plumas,8/31/2022,0.26,0.0,576,7.7,90.6,41.1,87,5.3,128.1,66.2
Plumas,9/1/2022,0.23,0.0,558,8.2,94.3,40.6,83,3.4,81.3,66.2
Plumas,9/2/2022,0.27,0.0,555,7.9,92.9,44.0,80,6.0,144.0,66.3
Plumas,9/3/2022,0.27,0.0,554,7.2,90.7,49.4,56,6.8,162.5,66.3
Plumas,9/4/2022,0.25,0.0,548,7.8,94.6,41.3,80,5.0,119.9,66.1
Plumas,9/5/2022,0.21,0.0,501,8.8,97.0,44.6,77,3.1,74.1,66.7
Plumas,9/6/2022,0.25,0.0,537,8.9,97.4,46.7,86,5.1,123.1,67.4
Plumas,9/7/2022,0.21,0.0,469,9.7,96.7,53.1,71,4.4,105.8,68.4
Plumas,9/8/2022,0.22,0.0,525,8.4,92.5,44.6,82,4.3,102.9,67.6
Plumas,9/9/2022,0.24,0.0,447,6.2,87.1,41.0,81,7.5,180.3,66.4
Plumas,9/10/2022,0.15,0.0,362,8.1,86.8,40.0,76,3.3,80.2,65.1
Plumas,9/11/2022,0.18,0.0,419,9.7,87.8,45.7,82,4.6,110.5,65.4
Plumas,9/12/2022,0.1,0.03,276,12.0,78.7,44.2,89,3.8,90.2,64.8
Plumas,9/13/2022,0.19,0.0,447,9.6,76.7,39.8,95,5.4,130.3,64.4
Plumas,9/14/2022,0.16,0.0,397,6.9,71.8,28.4,93,5.5,132.1,61.9
Plumas,9/15/2022,0.14,0.0,409,6.8,70.5,32.2,91,4.4,104.6,60.5
Plumas,9/16/2022,0.17,0.0,487,6.0,76.5,25.3,98,3.8,91.1,60.0
Plumas,9/17/2022,0.16,0.0,394,5.9,70.2,25.4,90,6.1,145.6,59.0
Plumas,9/18/2022,0.14,0.0,341,7.2,69.6,41.3,76,7.6,182.3,58.8
Plumas,9/19/2022,0.07,0.57,252,10.2,63.2,45.9,97,5.0,120.9,58.4
Plumas,9/20/2022,0.04,0.04,186,10.3,58.6,40.6,99,3.8,90.6,57.3
Plumas,9/21/2022,0.08,0.02,295,9.0,57.3,36.2,99,4.8,114.8,56.4
Plumas,9/22/2022,0.14,0.0,474,7.9,67.8,31.4,99,4.1,97.6,56.5
Plumas,9/23/2022,0.17,0.0,489,7.7,75.5,30.2,99,4.3,103.7,57.3
Plumas,9/24/2022,0.17,0.0,483,7.4,80.5,32.6,99,3.5,84.3,58.0
Plumas,9/25/2022,0.17,0.0,477,7.7,84.3,32.1,97,3.3,79.1,58.7
Plumas,9/26/2022,0.18,0.0,471,9.1,86.8,36.9,97,4.4,105.8,59.5
Plumas,9/27/2022,0.19,0.0,405,6.5,82.6,40.6,98,7.8,187.9,61.2
Plumas,9/28/2022,0.2,0.0,400,6.3,80.2,31.5,89,8.0,192.4,58.6
Plumas,9/29/2022,0.16,0.0,457,6.5,77.4,28.4,91,4.3,102.5,57.9
Plumas,9/30/2022,0.18,0.0,460,6.3,74.4,29.5,94,6.3,151.9,57.5
Plumas,10/1/2022,0.16,0.0,447,6.4,74.7,27.8,92,4.5,109.1,57.3
Plumas,10/2/2022,0.15,0.0,444,7.1,77.3,30.6,95,3.1,75.3,57.3
Plumas,10/3/2022,0.17,0.0,443,6.4,78.6,28.6,97,4.5,107.8,57.4
Plumas,10/4/2022,0.15,0.0,439,5.6,80.9,26.8,89,3.2,76.1,57.2
Plumas,10/5/2022,0.15,0.0,433,5.7,80.0,28.7,87,3.3,79.2,57.2
Plumas,10/6/2022,0.15,0.0,427,5.3,81.6,28.1,86,3.1,73.3,56.9
Plumas,10/7/2022,0.15,0.0,417,5.2,81.5,29.0,85,3.1,74.4,56.8
Plumas,10/8/2022,0.13,0.0,386,5.4,81.4,28.4,83,2.7,64.3,56.7
Plumas,10/9/2022,0.13,0.0,357,5.9,80.5,31.1,86,3.3,80.4,56.4
Plumas,10/10/2022,0.13,0.0,398,6.2,78.6,29.3,90,2.9,68.6,56.5
Plumas,10/11/2022,0.14,0.0,396,5.8,78.8,28.2,89,3.5,84.0,56.4
Plumas,10/12/2022,0.16,0.0,402,5.1,78.5,26.2,85,4.8,115.7,55.7
Plumas,10/13/2022,0.15,0.0,400,4.9,78.4,24.5,85,4.6,109.4,55.2
Plumas,10/14/2022,0.15,0.0,397,4.5,79.4,24.7,87,4.8,114.4,54.7
Plumas,10/15/2022,0.14,0.0,392,4.3,78.0,22.7,82,4.1,97.2,54.4
Plumas,10/16/2022,0.13,0.0,387,4.5,77.7,21.1,83,3.4,81.6,53.9
Plumas,10/17/2022,0.12,0.0,362,5.2,76.5,24.0,90,2.8,67.2,53.8
Plumas,10/18/2022,0.12,0.0,348,4.7,77.4,27.8,83,3.9,93.3,53.6
Plumas,10/19/2022,0.14,0.0,370,3.9,77.1,22.0,79,4.3,104.0,53.0
Plumas,10/20/2022,0.12,0.0,367,3.8,76.9,22.7,77,3.0,72.9,52.6
Plumas,10/21/2022,0.16,0.0,345,4.4,74.7,24.0,77,6.4,154.2,52.3
Plumas,10/22/2022,0.13,0.0,262,4.7,59.6,20.9,70,11.8,282.7,53.1
Plumas,10/23/2022,0.09,0.0,342,3.0,47.5,13.3,83,6.6,158.7,49.4
Plumas,10/24/2022,0.1,0.0,335,4.4,66.1,13.9,79,4.8,115.9,48.7
Plumas,10/25/2022,0.07,0.0,215,4.6,60.4,25.3,95,4.7,112.2,50.4
Plumas,10/26/2022,0.1,0.0,337,3.6,53.7,22.5,78,5.7,137.9,48.6
Plumas,10/27/2022,0.12,0.0,336,2.9,56.8,16.2,76,6.6,158.7,47.8
Plumas,10/28/2022,0.08,0.0,276,3.4,62.4,14.0,78,3.7,87.8,46.6
Plumas,10/29/2022,0.07,0.0,286,3.5,63.3,15.7,84,2.4,56.6,46.6
Plumas,10/30/2022,0.11,0.0,325,3.2,65.0,12.8,82,4.9,117.8,46.1
Plumas,10/31/2022,0.07,0.0,219,3.3,63.7,16.6,77,3.3,79.8,45.5
Plumas,11/1/2022,0.09,0.29,164,4.9,54.5,30.3,99,11.6,277.7,45.1
Plumas,11/2/2022,0.04,0.27,234,5.1,39.5,21.2,99,3.1,73.6,43.3
Plumas,11/3/2022,0.05,0.08,319,3.8,44.3,13.6,97,2.1,49.5,42.5
Plumas,11/4/2022,0.04,0.0,199,5.7,46.4,18.7,97,3.4,81.9,41.7
Plumas,11/5/2022,0.03,0.0,133,7.9,51.0,30.9,91,6.7,161.6,42.7
Plumas,11/6/2022,0.07,0.0,228,6.3,52.7,33.9,90,11.6,277.2,44.0
Plumas,11/7/2022,0.06,0.29,304,4.7,42.5,14.2,99,6.0,143.9,42.6
Plumas,11/8/2022,0.02,0.07,107,4.8,33.3,21.8,98,8.5,204.3,40.8
Plumas,11/9/2022,0.04,0.04,237,4.6,37.4,14.7,99,6.0,145.2,40.1
Plumas,11/10/2022,0.04,0.0,280,3.3,34.9,8.2,96,2.0,47.4,39.0
Plumas,11/11/2022,0.03,0.0,220,3.8,37.2,12.5,98,2.1,50.8,37.8
Plumas,11/12/2022,0.03,0.0,163,4.9,40.9,17.5,99,5.1,122.3,37.4
Plumas,11/13/2022,0.03,0.08,212,3.5,38.7,7.0,95,2.7,63.8,37.4
Plumas,11/14/2022,0.05,0.0,266,3.9,41.3,8.6,95,7.7,186.0,36.4
Plumas,11/15/2022,0.07,0.0,153,4.0,42.6,24.2,78,7.6,182.1,36.6
Plumas,11/16/2022,0.08,0.0,289,3.7,45.6,19.2,93,10.2,245.1,36.1
Plumas,11/17/2022,0.05,0.0,276,3.8,47.2,12.8,94,2.0,47.6,35.7
Plumas,11/18/2022,0.07,0.0,280,3.8,37.4,25.8,94,10.9,261.9,35.6
Plumas,11/19/2022,0.06,0.0,284,3.1,40.9,12.3,89,9.2,220.4,35.1
Plumas,11/20/2022,0.04,0.0,276,3.1,43.5,8.1,92,2.1,50.7,34.5
Plumas,11/21/2022,0.04,0.0,244,3.2,45.7,7.7,93,1.8,44.1,33.9
Plumas,11/22/2022,0.04,0.0,223,3.4,47.3,11.4,92,2.3,54.8,33.6
Plumas,11/23/2022,0.06,0.0,257,4.0,52.3,13.1,93,5.8,138.6,33.6
Plumas,11/24/2022,0.12,0.0,266,3.5,52.8,22.0,71,13.1,315.4,34.1
Plumas,11/25/2022,0.04,0.0,190,3.7,49.9,17.0,91,3.2,75.8,34.7
Plumas,11/26/2022,0.06,0.0,250,4.8,52.4,20.4,97,4.5,108.5,35.7
Plumas,11/27/2022,0.05,0.0,249,3.9,53.4,13.4,96,3.5,84.6,35.6
Plumas,11/28/2022,0.07,0.0,0,3.9,36.2,22.2,84,4.5,108.6,35.8
Plumas,11/29/2022,0.04,0.0,253,3.5,43.2,12.7,93,3.0,73.0,34.9
Plumas,11/30/2022,0.08,0.0,224,3.3,48.7,11.1,93,8.2,197.4,34.2
Plumas,12/1/2022,0.01,0.21,60,5.1,38.9,10.1,99,10.0,239.3,34.5
Plumas,12/2/2022,0.03,0.0,350,1.8,22.7,-9.9,92,1.1,25.9,34.7
Plumas,12/3/2022,0.01,0.28,110,4.0,37.2,-3.7,99,3.5,83.1,34.3
Plumas,12/4/2022,0.02,0.32,145,5.8,36.5,19.0,99,4.9,117.8,34.3
Plumas,12/5/2022,0.01,0.36,114,4.8,40.0,14.7,100,3.4,80.9,34.6
Plumas,12/6/2022,0.02,0.01,187,2.9,29.4,4.9,99,1.5,35.0,34.9
Plumas,12/7/2022,0.01,0.0,134,2.1,29.1,-4.2,92,1.3,32.1,34.8
Plumas,12/8/2022,0.01,0.0,88,2.9,35.5,-3.9,93,5.0,118.9,34.4
Plumas,12/9/2022,0.03,0.0,170,4.9,38.4,24.5,94,6.1,146.6,34.2
Plumas,12/10/2022,0.02,1.03,50,5.9,39.5,32.4,99,9.4,224.5,34.4
Plumas,12/11/2022,0.01,0.38,81,4.7,37.6,8.3,99,3.3,79.1,34.6
Plumas,12/12/2022,0.01,0.0,96,3.4,34.3,7.2,97,2.4,57.2,34.9
Plumas,12/13/2022,0.01,0.0,88,2.7,29.4,-0.1,96,2.6,62.5,35.0
Plumas,12/14/2022,0.01,0.0,83,2.1,30.3,-0.4,93,1.6,39.0,34.7
Plumas,12/15/2022,0.01,0.0,82,1.7,22.0,-3.0,89,1.6,38.5,34.3
Plumas,12/16/2022,0.01,0.0,75,1.9,30.3,-3.2,92,1.3,31.6,34.1
Plumas,12/17/2022,0.0,0.0,60,2.7,25.9,-1.2,96,2.3,55.1,33.9
Plumas,12/18/2022,0.0,0.0,61,2.3,22.1,-2.9,93,1.5,36.0,33.8
Plumas,12/19/2022,0.0,0.0,61,2.0,23.7,-6.2,91,1.3,30.6,33.7
Plumas,12/20/2022,0.01,0.0,69,4.0,37.7,16.1,99,2.8,66.8,33.6
Plumas,12/21/2022,0.01,0.0,113,4.3,36.1,12.3,100,2.3,55.6,33.6
Plumas,12/22/2022,0.01,0.0,0,5.3,31.0,25.1,99,2.3,56.1,33.6
Plumas,12/23/2022,0.03,0.0,185,5.3,40.9,18.4,100,2.3,55.2,33.6
Plumas,12/24/2022,0.02,0.0,189,4.2,31.0,18.7,100,2.1,50.8,33.7
Plumas,12/25/2022,0.03,0.0,205,4.3,35.1,14.1,99,2.3,55.9,33.8
Plumas,12/26/2022,0.03,0.02,166,4.9,46.8,16.6,100,6.0,143.2,33.8
Plumas,12/27/2022,0.02,0.63,76,6.8,42.5,31.2,98,10.7,255.9,33.3
Plumas,12/28/2022,0.04,0.0,228,4.7,41.0,21.0,96,4.5,107.3,33.3
Plumas,12/29/2022,0.03,0.01,152,5.7,44.2,25.3,99,4.0,96.2,33.4
Plumas,12/30/2022,0.01,0.52,64,8.3,48.2,35.4,97,8.4,202.3,34.8
Plumas,12/31/2022,0.0,0.43,9,6.8,45.6,31.1,99,2.9,68.6,36.2
Plumas,1/1/2023,0.01,0.04,26,3.9,33.2,5.9,99,3.6,87.3,35.0
Plumas,1/2/2023,0.0,0.0,20,2.8,23.2,0.7,99,3.0,72.5,34.3
Plumas,1/3/2023,0.0,0.13,29,4.0,34.7,16.6,99,2.7,64.4,33.9
Plumas,1/4/2023,0.01,0.59,33,5.4,45.3,22.0,95,8.8,211.8,33.8
Plumas,1/5/2023,0.02,0.66,131,6.3,39.0,26.1,99,5.3,126.2,33.7
Plumas,1/6/2023,0.02,0.0,156,4.5,34.5,21.1,99,2.8,66.8,33.9
Plumas,1/7/2023,0.04,0.0,137,4.6,43.5,16.7,99,7.5,179.7,33.7
Plumas,1/8/2023,0.04,0.41,233,5.8,40.4,30.7,99,8.5,203.7,33.6
Plumas,1/9/2023,0.01,0.89,83,6.2,39.8,20.8,99,5.2,124.0,33.8
Plumas,1/10/2023,0.03,0.35,150,5.7,36.9,19.9,99,8.4,202.7,33.7
Plumas,1/11/2023,0.02,0.27,132,5.9,34.0,26.7,99,4.6,110.4,33.9
Plumas,1/12/2023,0.03,0.01,216,5.9,42.2,26.6,100,2.8,66.5,34.2
Plumas,1/13/2023,0.04,0.2,158,6.3,46.6,33.1,99,7.5,178.9,34.4
Plumas,1/14/2023,0.01,0.4,80,6.2,37.8,26.5,99,4.3,103.9,34.5
Plumas,1/15/2023,0.0,0.37,58,5.0,34.7,17.3,99,1.6,38.7,34.6
Plumas,1/16/2023,0.01,0.19,63,5.3,33.5,22.3,99,3.0,70.8,34.6
Plumas,1/17/2023,0.0,0.14,44,2.7,29.2,1.3,98,1.2,28.9,34.7
Plumas,1/18/2023,0.0,0.0,41,2.7,30.7,-0.7,100,1.3,31.8,34.6
Plumas,1/19/2023,0.0,0.01,41,3.1,33.4,-3.8,99,2.7,64.9,34.5
Plumas,1/20/2023,0.01,0.0,56,2.3,26.5,-5.2,92,7.2,173.4,34.4
Plumas,1/21/2023,0.0,0.0,71,1.6,20.4,-6.8,91,2.0,48.7,34.3
Plumas,1/22/2023,0.02,0.0,83,2.4,30.3,-3.4,91,6.8,164.0,34.1
Plumas,1/23/2023,0.04,0.0,281,3.1,29.4,8.1,90,11.1,266.1,34.0
Plumas,1/24/2023,0.03,0.0,281,2.0,31.3,-3.6,96,2.1,51.1,34.0
Plumas,1/25/2023,0.03,0.0,114,4.4,34.8,26.1,90,11.5,277.1,33.8
Plumas,1/26/2023,0.04,0.0,301,3.4,37.4,4.2,95,5.4,129.8,33.8
Plumas,1/27/2023,0.02,0.0,211,2.4,27.6,1.5,95,2.0,48.5,33.9
Plumas,1/28/2023,0.03,0.0,302,2.2,29.2,-2.3,97,1.9,44.8,33.7
Plumas,1/29/2023,0.04,0.0,207,2.5,26.7,-1.5,98,7.9,188.5,33.6
Plumas,1/30/2023,0.04,0.0,320,1.8,21.0,3.0,72,14.1,339.1,33.5
Plumas,1/31/2023,0.03,0.0,314,1.5,26.2,-11.4,89,2.8,67.9,33.4
Plumas,2/1/2023,0.03,0.0,285,1.8,26.5,-6.1,93,1.9,46.7,33.3
Plumas,2/2/2023,0.03,0.0,272,2.3,28.7,-4.6,92,2.1,49.6,33.2
Plumas,2/3/2023,0.05,0.0,234,4.4,43.4,10.0,97,5.9,141.8,33.1
Plumas,2/4/2023,0.04,0.36,273,4.8,47.4,12.9,99,4.4,105.7,33.1
Plumas,2/5/2023,0.04,0.02,236,5.3,38.0,17.6,100,6.3,151.5,33.0
Plumas,2/6/2023,0.05,0.01,324,3.9,34.9,8.2,99,2.5,60.9,33.2
Plumas,2/7/2023,0.04,0.0,275,2.9,34.9,4.0,99,1.9,45.0,33.3
Plumas,2/8/2023,0.04,0.0,315,3.0,35.2,4.6,100,1.6,38.4,33.3
Plumas,2/9/2023,0.05,0.0,343,3.3,41.8,5.8,98,1.7,41.7,33.3
Plumas,2/10/2023,0.04,0.0,230,3.7,51.1,4.0,98,4.4,106.2,33.2
Plumas,2/11/2023,0.06,0.04,321,5.1,41.9,21.4,99,5.2,125.6,33.2
Plumas,2/12/2023,0.07,0.0,364,3.8,44.1,14.5,94,5.3,126.4,33.3
Plumas,2/13/2023,0.07,0.0,368,3.3,48.1,6.7,96,5.6,134.2,33.4
Plumas,2/14/2023,0.05,0.0,341,2.6,33.2,11.1,79,7.4,177.7,33.4
Plumas,2/15/2023,0.06,0.0,380,2.5,32.7,6.9,85,4.9,116.9,33.3
Plumas,2/16/2023,0.05,0.0,339,2.5,34.1,-1.9,91,2.2,52.4,33.1
Plumas,2/17/2023,0.06,0.0,380,3.0,39.4,5.9,97,3.6,86.1,33.0
Plumas,2/18/2023,0.05,0.0,329,2.9,36.4,2.1,95,2.5,59.4,32.9
Plumas,2/19/2023,0.06,0.0,342,3.5,39.9,6.0,97,2.4,58.6,32.8
Plumas,2/20/2023,0.06,0.0,349,4.2,44.4,13.3,99,2.6,63.5,32.7
Plumas,2/21/2023,0.07,0.0,236,4.2,43.8,19.0,100,8.4,201.5,32.7
Plumas,2/22/2023,0.05,0.0,312,2.9,27.0,6.2,99,5.4,129.4,32.8
Plumas,2/23/2023,0.05,0.09,374,3.2,25.0,9.8,99,7.3,175.2,32.8
Plumas,2/24/2023,0.04,0.0,10,5.0,31.1,27.7,98,13.2,316.8,32.7
Plumas,2/25/2023,0.08,0.0,295,5.4,39.5,29.9,99,12.1,290.3,32.7
Plumas,2/26/2023,0.06,0.02,309,4.8,36.6,25.0,99,8.8,211.7,32.7
Plumas,2/27/2023,0.05,0.0,271,3.7,29.4,18.3,97,12.8,308.1,32.7
Plumas,2/28/2023,0.05,0.04,290,4.3,28.8,19.2,99,10.9,262.6,32.8
Plumas,3/1/2023,0.06,0.0,394,2.5,27.2,4.2,93,7.6,183.3,32.9
Plumas,3/2/2023,0.06,0.0,436,2.3,34.8,,88,3.3,78.2,32.9
Plumas,3/3/2023,0.08,0.0,435,3.8,42.1,13.4,96,5.1,123.5,33.0
Plumas,3/4/2023,0.06,0.09,326,4.0,34.0,16.3,98,10.4,250.2,33.0
Plumas,3/5/2023,0.08,0.0,477,3.7,29.6,8.8,99,7.4,178.5,33.0
Plumas,3/6/2023,0.07,0.0,404,3.0,36.8,,99,3.2,76.7,33.1
Plumas,3/7/2023,0.07,0.18,388,3.3,33.7,4.2,99,5.9,142.3,33.1
Plumas,3/8/2023,0.08,0.01,459,3.3,32.0,3.7,98,9.1,218.9,33.2
Plumas,3/9/2023,0.06,0.63,342,4.0,39.7,,99,5.3,127.2,33.1
Plumas,3/10/2023,0.08,0.28,366,5.3,42.1,16.6,99,11.2,267.6,32.5
Plumas,3/11/2023,0.06,0.37,326,5.3,38.4,15.0,99,2.9,70.7,32.8
Plumas,3/12/2023,0.06,0.56,325,6.7,40.5,33.2,99,4.1,97.3,32.9
Plumas,3/13/2023,0.08,0.06,364,6.6,43.0,33.6,99,6.2,148.2,32.9
Plumas,3/14/2023,0.06,0.2,253,6.8,47.0,33.6,98,9.0,216.8,32.9
Plumas,3/15/2023,0.1,0.0,502,5.1,41.3,28.2,97,7.4,177.9,32.9
Plumas,3/16/2023,0.11,0.0,514,4.5,41.8,25.8,79,9.7,232.0,33.0
Plumas,3/17/2023,0.1,0.0,501,4.7,45.5,19.3,99,4.3,104.1,33.4
Plumas,3/18/2023,0.09,0.0,451,5.2,49.1,20.6,99,2.9,68.8,33.9
Plumas,3/19/2023,0.05,0.05,262,6.6,43.1,32.6,99,4.3,103.2,33.9
Plumas,3/20/2023,0.12,0.0,527,4.9,41.4,25.3,91,6.5,155.2,34.1
Plumas,3/21/2023,0.05,0.01,236,5.1,36.4,22.2,97,10.4,250.0,33.9
Plumas,3/22/2023,0.09,0.03,449,5.5,41.0,22.8,100,4.8,116.1,35.3
Plumas,3/23/2023,0.08,0.05,373,5.9,39.6,30.7,99,7.2,172.9,36.7
Plumas,3/24/2023,0.1,0.0,499,3.9,37.0,23.9,92,7.8,186.1,37.8
Plumas,3/25/2023,0.1,0.0,485,3.7,37.9,25.2,87,5.2,123.9,38.6
Plumas,3/26/2023,0.1,0.0,581,3.2,36.9,22.2,91,4.3,103.6,39.5
Plumas,3/27/2023,0.13,0.0,525,3.6,46.5,19.2,92,7.3,175.2,39.1
Plumas,3/28/2023,0.03,0.11,117,5.1,39.1,22.3,99,8.5,204.0,37.1
Plumas,3/29/2023,0.07,0.09,405,4.7,37.1,16.4,99,4.3,103.5,37.1
Plumas,3/30/2023,0.12,0.02,551,5.1,43.8,25.9,99,6.1,145.7,39.5
Plumas,3/31/2023,0.14,0.0,395,5.5,46.2,33.6,85,10.2,243.6,44.0
Plumas,4/1/2023,0.11,0.0,378,5.8,48.7,30.8,84,10.6,254.2,40.7
Plumas,4/2/2023,0.14,0.0,510,5.9,45.8,29.4,98,13.5,324.1,41.9
Plumas,4/3/2023,0.1,0.0,473,3.5,34.8,22.2,90,9.1,218.8,39.7
Plumas,4/4/2023,0.11,0.0,559,3.3,40.6,19.5,87,5.0,120.7,38.8
Plumas,4/5/2023,0.13,0.0,591,4.1,49.4,21.9,92,3.6,85.3,40.9
Plumas,4/6/2023,0.15,0.0,503,5.4,57.1,25.9,99,6.3,151.8,42.7
Plumas,4/7/2023,0.09,0.12,326,6.7,48.8,33.0,100,8.3,199.8,43.7
Plumas,4/8/2023,0.15,0.0,494,6.3,57.5,31.3,94,5.5,130.9,44.6
Plumas,4/9/2023,0.18,0.0,593,7.7,71.3,29.9,99,3.4,81.0,47.1
Plumas,4/10/2023,0.22,0.0,586,8.1,71.0,33.2,100,7.9,189.4,49.4
Plumas,4/11/2023,0.23,0.0,594,7.5,64.0,38.8,82,11.3,271.2,50.0
Plumas,4/12/2023,0.21,0.0,625,4.8,57.9,30.6,85,9.9,236.4,48.7
Plumas,4/13/2023,0.16,0.0,622,3.0,50.7,23.8,74,7.9,189.9,46.6
Plumas,4/14/2023,0.17,0.0,622,4.3,56.9,21.7,92,4.4,104.6,46.5
Plumas,4/15/2023,0.19,0.0,629,5.4,64.0,27.2,99,4.9,118.0,47.9
Plumas,4/16/2023,0.22,0.0,618,5.5,59.9,30.3,96,8.9,213.3,48.3
Plumas,4/17/2023,0.21,0.0,553,4.3,52.8,26.2,96,12.2,292.4,46.7
Plumas,4/18/2023,0.11,0.07,528,4.4,38.4,21.2,100,7.1,170.5,44.9
Plumas,4/19/2023,0.15,0.0,582,4.1,46.5,21.2,95,5.8,139.1,43.8
Plumas,4/20/2023,0.17,0.0,624,5.2,60.5,23.1,96,4.8,114.6,45.7
Plumas,4/21/2023,0.18,0.0,559,7.2,62.6,32.3,99,4.9,118.1,48.3
Plumas,4/22/2023,0.2,0.0,617,7.6,66.0,34.2,99,5.7,136.5,50.2
Plumas,4/23/2023,0.22,0.0,625,7.5,64.6,36.7,100,6.9,165.3,51.7
Plumas,4/24/2023,0.22,0.0,654,5.9,64.6,34.4,97,6.0,143.7,52.0
Plumas,4/25/2023,0.22,0.0,659,5.5,64.6,29.9,91,7.0,166.9,52.3
Plumas,4/26/2023,0.22,0.0,660,6.0,74.9,29.5,96,4.9,118.4,54.9
Plumas,4/27/2023,0.21,0.0,655,7.2,76.2,33.9,96,3.2,76.2,58.5
Plumas,4/28/2023,0.23,0.0,659,8.4,77.2,34.9,99,4.6,110.7,58.6
Plumas,4/29/2023,0.24,0.0,641,8.9,75.3,38.0,99,5.3,128.4,58.2
Plumas,4/30/2023,0.24,0.0,82,7.5,65.5,47.5,99,7.2,173.4,59.0
Plumas,5/1/2023,0.2,0.14,583,6.6,58.1,35.6,97,9.2,220.8,56.0
Plumas,5/2/2023,0.07,0.34,306,6.5,44.8,32.3,99,4.4,106.0,52.9
Plumas,5/3/2023,0.14,0.35,568,7.2,55.5,32.3,99,5.7,137.8,51.0
Plumas,5/4/2023,0.09,0.01,332,7.3,50.8,39.0,91,8.6,206.5,51.7
Plumas,5/5/2023,0.15,0.0,489,6.6,50.6,38.2,89,10.2,244.4,52.1
Plumas,5/6/2023,0.13,0.0,483,6.7,48.2,32.8,93,7.9,190.0,51.6
Plumas,5/7/2023,0.13,0.0,470,6.0,52.3,27.4,95,6.7,161.9,50.5
Plumas,5/8/2023,0.19,0.0,607,6.3,52.1,28.9,92,12.6,303.5,50.1
Plumas,5/9/2023,0.18,0.0,621,6.1,59.1,25.3,99,5.0,119.8,49.7
Plumas,5/10/2023,0.16,0.0,545,6.9,60.9,31.5,99,5.1,122.7,51.0
Plumas,5/11/2023,0.2,0.0,677,7.6,68.3,30.8,100,3.2,77.5,52.3
Plumas,5/12/2023,0.24,0.0,706,8.2,71.2,36.1,99,5.9,140.5,58.2
Plumas,5/13/2023,0.26,0.0,711,8.2,73.8,38.5,97,6.9,165.0,59.4
Plumas,5/14/2023,0.22,0.0,623,9.2,72.6,39.3,86,6.2,149.5,60.6
Plumas,5/15/2023,0.26,0.0,705,9.3,71.7,42.3,99,6.4,154.6,61.3
Plumas,5/16/2023,0.25,0.0,716,8.6,74.7,37.8,99,4.7,113.4,61.9
Plumas,5/17/2023,0.24,0.0,724,8.5,76.2,36.8,99,4.1,98.7,62.3
Plumas,5/18/2023,0.24,0.0,718,9.3,78.0,37.2,99,3.7,88.4,62.2
Plumas,5/19/2023,0.25,0.0,724,11.2,81.9,40.4,99,4.0,96.6,63.3
Plumas,5/20/2023,0.25,0.0,708,11.9,80.6,43.5,99,4.5,107.5,62.8
Plumas,5/21/2023,0.25,0.0,711,12.0,77.9,45.9,99,4.6,110.2,63.0
Plumas,5/22/2023,0.24,0.0,683,10.1,75.0,39.1,99,4.8,114.3,62.0
Plumas,5/23/2023,0.23,0.0,633,9.3,70.8,40.3,99,5.6,133.8,60.7
Plumas,5/24/2023,0.17,0.2,521,9.3,69.8,35.5,99,4.8,115.0,59.0
Plumas,5/25/2023,0.18,0.0,566,10.2,67.3,39.2,99,4.7,113.9,58.1
Plumas,5/26/2023,0.16,0.02,502,10.9,67.4,40.1,99,3.9,92.5,58.0
Plumas,5/27/2023,0.22,0.0,637,10.6,70.9,40.1,100,4.9,118.0,58.3
Plumas,5/28/2023,0.13,0.26,411,10.7,66.1,41.4,99,4.3,103.5,57.8
Plumas,5/29/2023,0.15,0.0,501,10.9,69.6,39.3,99,4.0,96.7,57.2
Plumas,5/30/2023,0.17,0.02,549,11.2,70.6,39.2,100,4.1,98.0,57.5
Plumas,5/31/2023,0.23,0.0,704,10.8,71.3,42.9,100,4.3,103.6,58.0
Plumas,6/1/2023,0.24,0.0,987,9.6,68.8,43.8,100,6.5,156.1,58.2
Plumas,6/2/2023,0.23,0.0,739,9.6,72.2,35.5,99,3.2,75.8,57.7
Plumas,6/3/2023,0.25,0.0,744,10.8,77.5,39.2,100,3.9,94.4,58.3
Plumas,6/4/2023,0.2,0.0,532,10.6,78.2,44.5,99,4.5,108.7,59.0
Plumas,6/5/2023,0.17,0.18,449,11.8,76.3,47.7,99,5.3,128.3,58.5
Plumas,6/6/2023,0.17,0.08,480,11.9,73.6,43.4,99,5.5,132.9,58.3
Plumas,6/7/2023,0.21,0.0,638,11.4,75.2,43.5,99,4.3,103.1,58.3
Plumas,6/8/2023,0.17,0.06,528,11.6,73.4,41.2,99,4.6,110.9,58.3
Plumas,6/9/2023,0.22,0.0,668,11.5,70.4,45.1,99,4.3,103.5,58.9
Plumas,6/10/2023,0.14,0.5,413,11.6,71.8,40.4,99,3.8,91.4,58.1
Plumas,6/11/2023,0.18,0.1,572,12.1,71.7,43.4,99,4.3,104.0,57.7
Plumas,6/12/2023,0.1,0.04,369,13.7,66.6,47.1,99,3.3,78.9,58.0
Plumas,6/13/2023,0.12,0.19,390,14.6,71.2,48.4,99,4.1,98.0,58.7
Plumas,6/14/2023,0.21,0.0,634,13.9,73.3,48.2,99,4.2,100.3,59.6
Plumas,6/15/2023,0.24,0.0,732,9.7,74.5,41.3,99,3.5,85.2,59.4
Plumas,6/16/2023,0.25,0.0,755,8.8,74.7,38.3,92,4.4,105.6,58.4
Plumas,6/17/2023,0.27,0.0,714,10.3,75.7,38.9,99,6.1,146.0,58.4
Plumas,6/18/2023,0.27,0.0,703,10.1,68.0,45.9,79,10.3,247.8,59.0
Plumas,6/19/2023,0.24,0.0,738,5.6,57.0,34.9,81,8.5,203.7,57.5
Plumas,6/20/2023,0.19,0.0,648,6.8,60.5,29.1,99,4.4,106.4,55.9
Plumas,6/21/2023,0.25,0.0,757,6.7,69.1,29.2,99,5.0,119.9,55.0
Plumas,6/22/2023,0.18,0.0,540,8.2,71.1,32.8,99,4.9,118.4,54.8
Plumas,6/23/2023,0.24,0.0,743,10.1,71.5,39.5,99,5.0,120.9,56.2
Plumas,6/24/2023,0.22,0.0,658,10.7,73.9,40.7,100,4.2,100.8,56.9
Plumas,6/25/2023,0.24,0.0,702,9.9,72.3,35.9,100,4.6,109.5,57.0
Plumas,6/26/2023,0.19,0.02,574,10.4,72.4,36.1,100,3.8,90.4,56.6
Plumas,6/27/2023,0.22,0.01,689,10.3,75.9,36.7,100,3.8,90.1,56.6
Plumas,6/28/2023,0.24,0.0,698,10.1,78.3,37.5,99,3.2,76.5,57.0
Plumas,6/29/2023,0.25,0.0,736,10.4,84.7,38.1,99,2.7,64.6,57.3
Plumas,6/30/2023,0.26,0.0,30,14.1,80.0,56.1,99,3.6,87.4,60.1
Plumas,7/1/2023,0.27,0.0,724,13.3,90.2,45.6,100,3.5,82.9,59.2
Plumas,7/2/2023,0.28,0.0,729,12.1,88.9,44.6,99,3.8,92.0,59.5
Plumas,7/3/2023,0.28,0.0,731,11.2,85.7,43.0,99,4.0,95.2,59.3
Plumas,7/4/2023,0.26,0.0,723,11.8,87.8,42.7,99,3.3,79.0,59.5
Plumas,7/5/2023,0.25,0.0,659,12.3,87.4,44.5,99,4.2,100.8,59.8
Plumas,7/6/2023,0.26,0.0,723,11.4,83.0,42.0,99,4.0,95.1,59.7
Plumas,7/7/2023,0.26,0.0,694,11.9,81.9,44.2,98,4.5,107.5,59.6
Plumas,7/8/2023,0.26,0.0,724,11.2,83.4,42.4,99,3.9,92.4,59.6
Plumas,7/9/2023,0.27,0.0,720,10.0,80.6,41.1,99,5.5,131.3,59.3
Plumas,7/10/2023,0.26,0.0,752,7.9,82.2,33.2,99,4.0,94.9,58.3
Plumas,7/11/2023,0.26,0.0,744,8.6,83.5,35.4,97,4.0,95.8,58.0
Plumas,7/12/2023,0.27,0.0,735,8.7,81.6,32.3,99,4.4,105.5,57.9
Plumas,7/13/2023,0.25,0.0,731,9.1,84.7,35.1,96,3.4,81.9,58.0
Plumas,7/14/2023,0.26,0.0,724,11.5,92.1,40.6,95,2.8,67.5,58.9
Plumas,7/15/2023,0.28,0.0,721,12.2,96.0,45.3,99,3.6,86.1,60.2
Plumas,7/16/2023,0.27,0.0,656,11.1,95.7,38.6,99,3.8,91.8,60.5
Plumas,7/17/2023,0.27,0.0,619,12.5,89.9,53.4,79,5.5,131.0,61.9
Plumas,7/18/2023,0.28,0.0,709,11.3,88.5,43.5,99,4.7,112.5,61.8
Plumas,7/19/2023,0.27,0.0,708,11.1,88.3,40.5,96,4.3,103.1,61.4
Plumas,7/20/2023,0.26,0.0,723,10.2,90.1,39.3,99,3.5,84.6,61.1
Plumas,7/21/2023,0.27,0.0,719,10.0,93.9,39.2,98,3.4,81.9,61.0
Plumas,7/22/2023,0.26,0.0,669,9.8,94.9,40.6,97,3.7,89.8,61.1
Plumas,7/23/2023,0.22,0.0,529,11.1,89.4,41.6,93,4.0,97.1,61.1
Plumas,7/24/2023,0.27,0.0,564,7.8,83.3,40.4,82,6.8,163.1,61.0
Plumas,7/25/2023,0.29,0.0,717,6.8,88.0,31.6,92,5.2,125.6,59.4
Plumas,7/26/2023,0.29,0.0,682,7.9,88.2,37.3,92,5.7,136.5,59.6
Plumas,7/27/2023,0.3,0.0,701,8.2,84.5,37.0,93,6.7,161.3,59.9
Plumas,7/28/2023,0.29,0.0,701,7.7,85.8,34.6,92,5.7,136.7,59.7
Plumas,7/29/2023,0.26,0.0,610,7.9,85.8,42.1,87,5.4,130.8,59.8
Plumas,7/30/2023,0.29,0.0,702,7.7,87.2,35.9,90,5.8,139.5,59.5
Plumas,7/31/2023,0.26,0.0,661,7.7,86.0,42.4,87,5.0,119.9,60.9
Plumas,8/1/2023,0.25,0.0,590,8.3,85.0,37.7,94,4.9,116.4,61.2
Plumas,8/2/2023,0.25,0.0,629,9.7,85.4,40.0,99,4.7,113.3,61.9
Plumas,8/3/2023,0.25,0.0,292,8.9,81.6,49.5,91,6.2,149.4,64.5
Plumas,8/4/2023,0.23,0.0,628,10.0,85.2,42.5,96,3.9,94.3,62.6
Plumas,8/5/2023,0.23,0.0,629,10.3,83.8,40.7,95,4.3,102.4,62.9
Plumas,8/6/2023,0.25,0.0,673,9.3,86.0,42.3,98,3.8,91.4,63.1
Plumas,8/7/2023,0.26,0.0,663,9.4,84.5,41.8,93,5.1,123.5,63.4
Plumas,8/8/2023,0.25,0.0,646,9.5,83.9,40.4,95,4.6,111.3,63.3
Plumas,8/9/2023,0.26,0.0,674,8.2,82.7,37.2,98,5.2,125.8,63.2
Plumas,8/10/2023,0.24,0.0,667,8.5,84.3,34.5,97,4.2,100.0,62.7
Plumas,8/11/2023,0.21,0.0,564,10.0,89.1,38.4,97,3.8,91.2,62.7
Plumas,8/12/2023,0.23,0.0,612,12.3,93.2,44.7,99,3.5,84.7,63.8
Plumas,8/13/2023,0.25,0.0,641,11.4,93.2,46.5,99,3.5,85.2,64.7
Plumas,8/14/2023,0.1,0.01,276,13.3,82.0,46.7,99,3.9,94.1,63.9
Plumas,8/15/2023,0.21,0.0,517,11.5,90.9,43.5,99,4.1,98.3,63.8
Plumas,8/16/2023,0.2,0.0,503,12.2,91.6,47.0,97,3.6,87.3,64.6
Plumas,8/17/2023,0.19,0.02,501,14.0,85.8,52.9,90,4.8,114.6,65.7
Plumas,8/18/2023,0.14,0.0,369,11.9,85.4,45.0,99,4.1,98.6,64.5
Plumas,8/19/2023,0.16,0.03,378,12.2,85.6,46.8,94,5.4,129.3,63.9
Plumas,8/20/2023,0.08,0.3,228,14.6,67.2,55.1,99,7.3,174.2,63.1
Plumas,8/21/2023,0.1,0.19,306,14.5,69.6,50.6,99,5.4,129.2,62.8
Plumas,8/22/2023,0.2,0.0,567,12.4,74.4,49.3,99,4.9,118.3,63.2
Plumas,8/23/2023,0.2,0.0,595,12.2,81.4,43.4,100,3.4,81.2,63.3
Plumas,8/24/2023,0.22,0.0,554,11.3,85.0,45.2,99,4.6,111.0,63.8
Plumas,8/25/2023,0.23,0.0,586,11.7,83.2,43.8,99,5.2,124.3,64.0
Plumas,8/26/2023,0.23,0.0,616,9.9,83.3,43.1,99,4.5,107.3,63.9
Plumas,8/27/2023,0.22,0.0,606,9.9,86.9,39.8,99,3.5,84.8,63.4
Plumas,8/28/2023,0.23,0.0,101,8.0,84.7,42.7,99,4.1,98.5,65.5
Plumas,8/29/2023,0.24,0.0,615,7.0,82.3,34.3,98,5.4,129.9,62.1
Plumas,8/30/2023,0.22,0.0,592,7.1,86.0,33.3,93,4.3,104.0,61.2
Plumas,8/31/2023,0.23,0.0,559,8.0,80.0,33.7,98,5.8,138.7,60.5
Plumas,9/1/2023,0.11,0.21,104,10.1,66.0,51.6,92,8.8,210.4,60.0
Plumas,9/2/2023,0.08,0.16,256,11.9,67.2,49.0,98,5.8,139.0,59.0
Plumas,9/3/2023,0.07,0.28,262,12.3,61.8,44.2,99,4.8,115.9,58.5
Plumas,9/4/2023,0.16,0.0,529,10.7,72.2,39.3,99,3.0,71.6,58.4
Plumas,9/5/2023,0.17,0.0,526,12.1,78.0,43.2,99,3.7,89.0,59.8
Plumas,9/6/2023,0.2,0.0,559,11.1,76.5,44.0,99,4.7,113.4,59.8
Plumas,9/7/2023,0.2,0.0,564,9.5,77.9,37.6,100,4.8,115.7,59.2
Plumas,9/8/2023,0.21,0.0,561,8.9,79.6,35.5,100,5.1,121.6,58.8
Plumas,9/9/2023,0.21,0.0,555,9.7,80.5,36.2,99,5.1,121.7,58.7
Plumas,9/10/2023,0.19,0.0,558,9.3,80.9,34.0,100,4.2,100.0,58.8
Plumas,9/11/2023,0.2,0.0,549,8.8,81.2,38.0,99,4.3,103.0,58.8
Plumas,9/12/2023,0.19,0.0,535,8.5,80.5,32.3,99,4.0,96.4,58.2
Plumas,9/13/2023,0.18,0.0,520,9.0,81.2,36.4,99,3.2,78.0,58.5
Plumas,9/14/2023,0.2,0.0,539,7.9,80.6,36.3,99,4.8,116.0,58.5
Plumas,9/15/2023,0.18,0.0,523,7.3,82.5,32.2,96,3.1,74.8,58.0
Plumas,9/16/2023,0.13,0.0,347,8.8,83.5,36.1,98,3.6,86.9,57.9
Plumas,9/17/2023,0.15,0.0,453,9.2,82.9,36.9,99,3.2,75.8,57.9
Plumas,9/18/2023,0.13,0.0,363,9.9,81.1,38.6,98,4.6,110.4,57.7
Plumas,9/19/2023,0.16,0.0,502,9.6,80.7,34.2,100,3.2,77.5,57.7
Plumas,9/20/2023,0.19,0.0,510,8.8,74.6,35.1,99,6.6,158.8,57.3
Plumas,9/21/2023,0.11,0.02,382,6.9,63.5,28.5,99,5.2,125.5,56.1
Plumas,9/22/2023,0.14,0.0,485,7.4,68.2,28.2,100,2.9,70.8,55.1
Plumas,9/23/2023,0.16,0.0,501,6.5,72.4,27.6,100,4.3,103.9,54.5
Plumas,9/24/2023,0.13,0.0,348,6.2,71.9,28.7,99,4.8,114.3,53.8
Plumas,9/25/2023,0.18,0.0,350,5.4,71.2,31.7,83,9.3,222.6,53.4
Plumas,9/26/2023,0.16,0.0,393,8.6,68.4,38.8,93,8.2,197.0,54.1
Plumas,9/27/2023,0.16,0.0,481,7.4,73.4,27.0,100,4.6,109.6,53.9
Plumas,9/28/2023,0.15,0.0,376,7.9,73.3,38.4,100,5.3,126.9,55.0
Plumas,9/29/2023,0.14,0.0,383,7.8,69.9,26.5,100,5.7,136.7,53.3
Plumas,9/30/2023,0.07,0.1,235,8.1,53.5,41.2,95,6.0,143.3,53.2
Plumas,10/1/2023,0.03,0.0,127,7.7,50.6,36.0,90,4.8,114.4,52.6
Plumas,10/2/2023,0.12,0.0,429,7.5,63.0,32.2,99,3.4,82.5,52.4
Plumas,10/3/2023,0.1,0.0,309,8.9,67.7,34.8,96,4.9,117.0,53.3
Plumas,10/4/2023,0.16,0.0,437,9.3,71.4,44.3,89,8.8,212.3,54.0
Plumas,10/5/2023,0.19,0.0,446,8.7,73.8,35.9,85,10.8,259.3,54.6
Plumas,10/6/2023,0.17,0.0,439,8.5,78.4,32.3,96,6.3,150.6,54.8
Plumas,10/7/2023,0.14,0.0,432,7.7,81.7,32.2,99,3.1,75.5,54.7
Plumas,10/8/2023,0.16,0.0,427,7.2,80.5,30.9,94,4.2,101.9,54.2
Plumas,10/9/2023,0.12,0.0,260,7.1,70.9,34.4,91,7.3,175.8,53.5
Plumas,10/10/2023,0.13,0.0,305,7.6,63.6,32.0,93,8.9,213.6,52.4
Plumas,10/11/2023,0.11,0.0,402,6.3,58.5,30.8,87,5.5,132.4,52.5
Plumas,10/12/2023,0.15,0.0,421,5.1,60.9,20.6,97,8.2,196.9,51.0
Plumas,10/13/2023,0.1,0.0,301,5.5,66.5,22.8,96,4.3,103.9,50.0
Plumas,10/14/2023,0.13,0.0,324,6.5,69.3,35.4,81,4.8,114.5,51.5
Plumas,10/15/2023,0.12,0.0,375,6.5,78.3,29.0,94,3.3,78.1,51.5
Plumas,10/16/2023,0.09,0.0,241,6.6,70.8,30.3,93,4.4,106.4,51.4
Plumas,10/17/2023,0.13,0.0,393,6.0,74.8,24.5,98,4.1,97.9,51.0
Plumas,10/18/2023,0.13,0.0,380,6.2,78.1,26.1,92,3.8,92.3,51.1
Plumas,10/19/2023,0.11,0.0,368,6.3,82.8,27.4,96,2.4,57.3,51.3
Plumas,10/20/2023,0.12,0.0,351,6.9,79.9,29.4,92,3.7,89.7,51.4
Plumas,10/21/2023,0.13,0.0,354,7.9,76.2,30.0,97,4.2,100.7,51.5
Plumas,10/22/2023,0.07,0.02,216,8.8,63.4,34.8,100,6.0,144.7,51.4
Plumas,10/23/2023,0.09,0.0,335,7.6,64.0,29.7,100,3.1,74.9,50.6
Plumas,10/24/2023,0.11,0.0,352,5.6,69.6,21.5,100,3.9,94.5,49.7
Plumas,10/25/2023,0.04,0.17,53,6.5,53.1,35.8,95,9.6,231.3,49.4
Plumas,10/26/2023,0.08,0.0,361,5.2,50.6,20.3,100,4.9,116.4,47.6
Plumas,10/27/2023,0.08,0.0,356,3.8,57.5,14.8,100,3.3,79.9,45.5
Plumas,10/28/2023,0.09,0.0,356,3.0,45.9,12.8,95,7.4,178.0,43.7
Plumas,10/29/2023,0.14,0.0,356,2.4,51.4,18.2,66,12.9,309.7,42.8
Plumas,10/30/2023,0.11,0.0,352,2.5,58.2,8.7,88,5.8,140.0,42.0
Plumas,10/31/2023,0.07,0.0,240,3.3,64.7,20.3,90,2.9,69.6,42.7
Plumas,11/1/2023,0.08,0.0,286,4.2,67.1,14.8,92,2.6,63.3,41.9
Plumas,11/2/2023,0.08,0.0,241,6.1,68.3,22.3,96,3.4,82.0,43.2
Plumas,11/3/2023,0.09,0.0,312,6.8,71.6,25.8,97,3.2,77.5,45.0
Plumas,11/4/2023,0.09,0.0,239,7.6,70.0,32.6,99,6.1,145.4,45.9
Plumas,11/5/2023,0.09,0.03,161,7.8,60.0,45.9,85,10.4,249.9,47.2
Plumas,11/6/2023,0.03,0.3,135,8.0,48.7,35.4,91,10.1,242.9,46.9
Plumas,11/7/2023,0.04,0.0,192,5.9,48.2,21.6,99,3.4,82.3,45.4
Plumas,11/8/2023,0.08,0.0,313,4.1,50.4,16.8,98,7.0,167.2,43.2
Plumas,11/9/2023,0.06,0.0,263,4.1,51.1,12.9,98,2.6,62.3,41.7
Plumas,11/10/2023,0.07,0.0,278,4.6,58.9,21.5,99,3.0,71.5,41.6
Plumas,11/11/2023,0.07,0.0,286,4.9,63.3,20.4,99,2.6,61.3,41.7
Plumas,11/12/2023,0.07,0.0,231,4.1,64.3,18.9,99,4.4,104.5,41.2
Plumas,11/13/2023,0.11,0.0,255,3.4,62.7,19.9,87,7.0,168.4,41.4
Plumas,11/14/2023,0.08,0.0,253,3.8,63.5,17.0,95,4.8,116.3,41.1
Plumas,11/15/2023,0.05,0.02,171,4.5,59.0,14.5,97,3.7,88.3,40.7
Plumas,11/16/2023,0.03,0.1,142,8.8,52.1,37.4,99,3.9,92.8,42.8
Plumas,11/17/2023,0.05,0.03,207,7.4,55.3,27.0,100,3.6,87.1,43.3
Plumas,11/18/2023,0.02,0.28,98,8.2,51.2,34.8,99,6.7,161.0,43.8
Plumas,11/19/2023,0.06,0.0,266,4.8,43.1,25.9,94,6.9,165.7,42.6
Plumas,11/20/2023,0.11,0.0,275,3.6,47.0,27.6,76,15.9,381.5,40.6
Plumas,11/21/2023,0.05,0.0,243,4.0,53.5,19.5,98,3.2,76.2,39.9
Plumas,11/22/2023,0.05,0.0,225,4.8,55.9,16.1,98,2.1,51.1,39.1
Plumas,11/23/2023,0.05,0.0,189,5.3,47.0,22.3,94,6.7,160.7,40.2
Plumas,11/24/2023,0.06,0.0,265,3.4,38.5,19.2,84,9.0,217.1,38.6
Plumas,11/25/2023,0.06,0.0,261,3.3,39.8,11.2,94,9.3,223.0,37.1
Plumas,11/26/2023,0.07,0.0,260,3.2,43.1,10.4,92,8.7,208.0,36.2
Plumas,11/27/2023,0.07,0.0,257,3.2,45.1,8.1,93,7.9,188.9,35.6
Plumas,11/28/2023,0.05,0.0,249,3.0,50.6,6.8,95,2.8,66.4,35.1
Plumas,11/29/2023,0.02,0.0,111,3.3,40.1,10.2,95,2.3,55.7,34.6
Plumas,11/30/2023,0.02,0.0,38,5.5,41.6,23.1,99,6.3,151.5,34.9
Plumas,12/1/2023,0.03,0.03,158,4.9,43.2,12.5,99,5.1,121.6,35.1
Plumas,12/2/2023,0.04,0.0,128,6.2,47.6,28.3,95,7.7,185.2,36.5
Plumas,12/3/2023,0.02,0.0,80,7.1,48.9,27.0,99,5.2,124.6,38.6
Plumas,12/4/2023,0.05,0.0,241,5.1,60.4,19.2,100,2.4,56.5,38.1
Plumas,12/5/2023,0.05,0.0,212,4.9,59.2,17.9,99,2.2,52.9,37.5
Plumas,12/6/2023,0.06,0.26,174,5.7,58.5,20.1,99,7.1,169.2,37.5
Plumas,12/7/2023,0.03,0.0,148,5.5,40.7,24.5,99,7.5,180.3,37.5
Plumas,12/8/2023,0.03,0.0,186,4.1,39.5,17.8,99,4.5,108.5,36.5
Plumas,12/9/2023,0.04,0.0,212,3.7,43.1,14.3,98,3.2,76.5,35.5
Plumas,12/10/2023,0.03,0.0,176,4.1,46.6,14.3,99,1.9,44.9,34.9
Plumas,12/11/2023,0.04,0.0,220,3.8,51.8,13.3,100,2.3,55.6,34.4
Plumas,12/12/2023,0.04,0.0,204,4.6,46.8,13.9,97,5.7,136.2,34.2
Plumas,12/13/2023,0.06,0.0,232,4.8,46.5,19.2,98,9.2,219.6,34.6
Plumas,12/14/2023,0.03,0.0,158,4.2,43.4,13.9,99,2.1,49.8,34.4
Plumas,12/15/2023,0.03,0.0,178,4.1,45.5,14.5,99,3.3,78.9,34.0
Plumas,12/16/2023,0.04,0.0,227,4.1,52.0,15.7,99,2.6,62.5,33.9
Plumas,12/17/2023,0.02,0.0,124,4.4,46.0,16.2,98,3.4,81.1,33.8
Plumas,12/18/2023,0.01,0.35,57,7.4,46.8,29.0,99,5.5,133.0,34.6
Plumas,12/19/2023,0.02,0.12,97,8.0,48.6,33.8,99,6.4,154.6,37.4
Plumas,12/20/2023,0.03,0.02,150,7.4,48.5,30.9,100,5.5,131.4,38.1
Plumas,12/21/2023,0.04,0.0,198,6.5,52.8,25.6,100,3.1,74.5,38.5
Plumas,12/22/2023,0.01,0.01,107,5.4,36.0,23.2,100,2.4,57.7,37.6
Plumas,12/23/2023,0.04,0.0,188,4.9,42.3,20.3,100,6.2,149.5,36.8
Plumas,12/24/2023,0.02,0.0,133,4.9,38.4,19.0,100,2.2,52.9,35.7
Plumas,12/25/2023,0.04,0.0,175,6.6,52.4,31.8,99,3.2,77.0,36.9
Plumas,12/26/2023,0.03,0.0,167,6.6,50.4,25.8,100,4.0,94.8,38.0
Plumas,12/27/2023,0.09,0.01,177,5.1,59.3,27.0,100,7.8,186.1,38.2
Plumas,12/28/2023,0.02,0.0,136,6.6,52.9,25.0,100,2.9,70.4,38.4
Plumas,12/29/2023,0.06,0.0,227,5.8,58.2,32.8,100,8.4,200.6,38.4
Plumas,12/30/2023,0.03,0.04,125,6.8,46.7,26.0,99,4.7,112.2,38.7
Plumas,12/31/2023,0.02,0.0,144,5.9,42.3,27.2,99,2.3,54.5,38.2
Plumas,1/1/2024,0.03,0.0,198,4.9,48.7,18.7,100,2.4,56.9,37.5
Plumas,1/2/2024,0.01,0.05,77,4.9,46.5,17.0,100,4.0,96.8,36.1
Plumas,1/3/2024,0.03,0.0,144,5.6,39.6,28.1,99,5.2,125.7,36.2
Plumas,1/4/2024,0.04,0.0,228,4.5,44.8,21.1,99,2.4,57.8,36.0
Plumas,1/5/2024,0.05,0.0,228,3.9,43.7,17.7,99,4.1,99.3,35.5
Plumas,1/6/2024,0.01,0.01,68,4.0,36.2,-1.4,99,6.7,161.0,34.7
Plumas,1/7/2024,0.02,0.06,246,1.8,26.6,-13.2,97,1.6,38.5,34.1
Plumas,1/8/2024,0.02,0.0,161,2.4,27.7,-6.9,99,1.5,35.5,33.6
Plumas,1/9/2024,0.05,0.0,231,5.1,43.0,10.4,100,7.9,189.9,33.4
Plumas,1/10/2024,0.04,0.02,192,5.2,37.9,20.6,100,10.7,257.4,33.6
Plumas,1/11/2024,0.03,0.05,248,2.8,30.9,-3.2,98,2.3,55.7,34.0
Plumas,1/12/2024,0.03,0.0,157,3.7,34.0,10.5,93,5.6,135.1,33.9
Plumas,1/13/2024,0.04,0.02,162,6.5,42.3,30.2,99,10.8,260.0,33.8
Plumas,1/14/2024,0.04,0.0,175,6.5,49.7,26.2,100,4.9,117.8,35.2
Plumas,1/15/2024,0.04,0.0,218,5.5,48.9,22.0,100,2.6,62.7,35.2
Plumas,1/16/2024,0.02,0.06,139,5.9,46.9,20.7,100,4.0,97.2,35.0
Plumas,1/17/2024,0.07,0.0,259,6.0,46.9,26.9,99,9.0,217.2,36.3
Plumas,1/18/2024,0.04,0.0,166,5.7,49.9,25.5,99,3.7,89.0,36.3
Plumas,1/19/2024,0.04,0.0,153,6.1,53.9,31.0,99,4.1,99.3,37.1
Plumas,1/20/2024,0.04,0.06,138,6.9,48.2,33.0,99,7.3,174.1,38.2
Plumas,1/21/2024,0.05,0.0,178,6.8,49.6,32.4,100,5.8,138.7,38.5
Plumas,1/22/2024,0.02,0.15,117,7.9,44.4,35.3,100,2.6,63.4,39.3
Plumas,1/23/2024,0.04,0.0,197,6.6,49.2,30.4,100,2.6,63.1,39.7
Plumas,1/24/2024,0.04,0.06,157,7.4,48.5,31.5,99,6.1,145.7,39.4
Plumas,1/25/2024,0.05,0.0,235,5.5,47.9,25.1,99,4.9,116.9,39.4
Plumas,1/26/2024,0.02,0.0,94,6.3,47.8,27.6,99,2.1,51.2,38.7
Plumas,1/27/2024,0.04,0.0,191,8.1,58.4,31.1,100,2.6,61.4,40.0
Plumas,1/28/2024,0.07,0.0,271,7.8,69.0,31.5,100,3.2,77.3,41.7
Plumas,1/29/2024,0.08,0.0,291,6.9,65.7,26.5,100,3.9,92.7,41.6
Plumas,1/30/2024,0.07,0.0,1,7.1,55.5,34.5,100,3.6,86.5,42.4
Plumas,1/31/2024,0.09,0.0,110,5.5,55.9,39.8,85,10.1,241.2,41.5
Plumas,2/1/2024,0.06,0.02,253,6.3,47.0,26.1,99,6.2,149.8,41.1
Plumas,2/2/2024,0.05,0.0,251,5.4,42.9,24.2,100,5.4,130.5,39.6
Plumas,2/3/2024,0.05,0.05,298,3.9,39.7,11.9,100,4.3,103.7,38.9
Plumas,2/4/2024,0.02,0.21,80,5.5,41.0,28.7,99,12.1,291.2,37.5
Plumas,2/5/2024,0.02,0.59,150,6.4,37.8,27.6,100,5.4,128.7,37.3
Plumas,2/6/2024,0.03,0.0,205,5.9,39.9,26.9,100,2.4,56.6,37.5
Plumas,2/7/2024,0.02,0.0,131,5.5,36.7,25.0,100,4.1,99.3,37.4
Plumas,2/8/2024,0.03,0.0,209,4.7,35.9,15.4,100,3.1,73.4,36.8
Plumas,2/9/2024,0.04,0.0,191,4.7,38.1,24.7,99,4.3,103.7,36.7
Plumas,2/10/2024,0.07,0.0,348,3.8,40.5,21.1,92,8.3,198.6,36.0
Plumas,2/11/2024,0.06,0.0,321,3.9,48.3,16.0,99,2.7,65.2,35.5
Plumas,2/12/2024,0.06,0.0,300,4.7,50.6,18.4,100,2.6,62.9,35.7
Plumas,2/13/2024,0.03,0.0,142,4.9,44.8,20.1,100,3.8,90.4,35.6
Plumas,2/14/2024,0.05,0.28,178,5.8,47.6,22.2,100,8.1,193.7,35.6
Plumas,2/15/2024,0.06,0.21,292,6.2,43.8,27.5,100,4.8,115.3,36.3
Plumas,2/16/2024,0.04,0.0,179,6.2,47.9,30.4,99,3.2,78.0,37.3
Plumas,2/17/2024,0.02,0.15,89,6.6,47.1,32.0,99,4.7,113.6,37.9
Plumas,2/18/2024,0.09,0.05,331,6.0,53.8,30.3,97,7.7,185.0,38.4
Plumas,2/19/2024,0.05,1.34,217,7.1,46.5,32.4,100,8.5,204.1,38.9
Plumas,2/20/2024,0.07,0.1,272,6.0,47.5,32.5,100,8.1,194.9,38.5
Plumas,2/21/2024,0.08,0.04,347,5.8,46.2,25.7,100,4.4,104.6,38.8
Plumas,2/22/2024,0.08,0.0,384,4.9,50.7,21.5,100,2.7,65.1,38.4
Plumas,2/23/2024,0.09,0.0,305,5.3,51.5,22.2,100,6.2,149.6,38.2
Plumas,2/24/2024,0.1,0.0,413,5.4,59.3,23.7,99,3.2,76.9,38.8
Plumas,2/25/2024,0.11,0.0,401,5.3,57.7,21.8,99,5.1,123.0,39.2
Plumas,2/26/2024,0.09,0.0,272,6.3,50.3,35.6,91,12.8,307.0,39.6
Plumas,2/27/2024,0.09,0.0,414,4.5,51.3,23.7,98,5.2,123.7,39.9
Plumas,2/28/2024,0.11,0.0,403,5.1,57.8,19.2,99,5.0,119.7,39.5
Plumas,2/29/2024,0.05,0.46,142,6.8,44.8,35.4,99,14.6,349.2,39.8
Plumas,3/1/2024,0.02,0.19,155,6.2,35.6,31.0,100,13.5,323.6,38.2
Plumas,3/2/2024,0.04,0.03,291,4.7,31.2,22.7,100,10.2,244.8,37.4
Plumas,3/3/2024,0.06,0.0,353,4.9,33.3,18.9,100,7.6,181.7,36.9
Plumas,3/4/2024,0.08,0.0,432,4.6,36.7,22.5,99,8.8,211.1,36.5
Plumas,3/5/2024,0.08,0.0,344,5.4,40.7,26.7,90,9.7,233.8,36.1
Plumas,3/6/2024,0.07,0.0,369,5.7,43.7,22.8,99,4.1,98.6,35.7
Plumas,3/7/2024,0.08,0.0,432,4.9,42.2,18.8,100,4.4,105.8,35.5
Plumas,3/8/2024,0.09,0.0,472,4.7,43.8,19.8,99,6.6,158.4,35.2
Plumas,3/9/2024,0.08,0.0,316,4.8,43.7,18.4,99,7.4,178.3,35.0
Plumas,3/10/2024,0.09,0.0,300,4.9,48.0,33.9,71,8.2,197.6,35.1
Plumas,3/11/2024,0.1,0.0,391,5.9,45.1,30.8,94,9.5,227.5,35.5
Plumas,3/12/2024,0.1,0.0,395,6.2,46.7,33.7,89,9.3,222.2,36.5
Plumas,3/13/2024,0.12,0.0,481,4.5,44.1,28.1,99,7.1,169.9,37.0
Plumas,3/14/2024,0.14,0.0,501,3.7,46.0,28.0,64,10.5,253.0,36.8
Plumas,3/15/2024,0.16,0.0,503,4.0,52.8,28.8,80,9.7,231.7,37.2
Plumas,3/16/2024,0.13,0.0,503,5.1,57.7,25.1,98,4.4,105.7,38.7
Plumas,3/17/2024,0.14,0.0,509,5.4,60.2,23.8,99,4.2,101.4,40.0
Plumas,3/18/2024,0.16,0.0,504,5.8,65.0,24.5,99,5.0,119.6,41.0
Plumas,3/19/2024,0.15,0.0,514,6.6,66.5,24.3,99,4.2,100.1,42.0
Plumas,3/20/2024,0.16,0.0,478,5.6,61.8,27.2,100,6.5,157.1,42.8
Plumas,3/21/2024,0.16,0.0,505,6.0,60.2,30.3,91,6.6,158.9,42.8
Plumas,3/22/2024,0.15,0.22,458,6.7,60.9,29.6,99,8.2,197.8,43.1
Plumas,3/23/2024,0.11,0.09,475,5.7,44.9,29.4,99,8.8,211.4,42.1
Plumas,3/24/2024,0.09,0.02,367,5.8,46.7,26.6,99,5.8,139.7,41.4
Plumas,3/25/2024,0.12,0.0,467,5.5,50.1,24.5,99,6.6,157.4,40.9
Plumas,3/26/2024,0.13,0.0,66,5.6,49.6,32.8,99,5.0,120.9,43.3
Plumas,3/27/2024,0.12,0.07,346,5.4,50.6,24.8,97,11.3,271.7,41.2
Plumas,3/28/2024,0.12,0.19,482,5.1,43.4,27.9,99,9.2,220.4,40.5
Plumas,3/29/2024,0.04,0.09,198,5.6,41.3,28.0,99,5.0,119.9,39.7
Plumas,3/30/2024,0.04,0.33,204,6.2,42.7,25.8,100,3.1,73.7,39.9
Plumas,3/31/2024,0.09,0.35,412,6.2,47.7,26.7,100,3.7,88.8,39.0
Plumas,4/1/2024,0.14,0.0,570,5.6,55.0,28.2,95,5.4,129.9,39.5
Plumas,4/2/2024,0.16,0.0,575,7.8,67.0,29.2,99,3.2,77.8,42.6
Plumas,4/3/2024,0.14,0.02,424,8.0,60.8,33.4,100,9.4,226.2,44.2
Plumas,4/4/2024,0.11,0.02,422,4.1,43.0,25.7,76,9.6,229.3,42.0
Plumas,4/5/2024,0.08,0.0,376,4.2,39.2,24.7,90,7.1,170.4,39.6
Plumas,4/6/2024,0.11,0.0,436,4.3,43.9,22.9,90,6.2,147.7,39.2
Plumas,4/7/2024,0.12,0.0,469,4.3,47.4,22.2,98,5.0,120.6,39.8
Plumas,4/8/2024,0.16,0.0,576,4.7,53.0,22.3,99,5.8,138.9,40.6
Plumas,4/9/2024,0.17,0.0,596,5.8,65.2,24.2,99,3.0,72.8,42.5
Plumas,4/10/2024,0.17,0.0,559,7.4,69.1,30.8,99,3.2,75.9,44.9
Plumas,4/11/2024,0.21,0.0,606,7.5,69.6,30.6,100,5.9,142.3,46.1
Plumas,4/12/2024,0.2,0.0,475,7.4,66.3,33.1,97,9.6,229.7,46.1
Plumas,4/13/2024,0.11,0.0,354,6.5,57.3,31.8,99,7.4,178.6,45.4
Plumas,4/14/2024,0.05,0.11,214,6.2,44.8,32.4,99,7.6,181.4,43.2
Plumas,4/15/2024,0.15,0.0,582,7.4,60.1,34.5,99,4.4,106.0,46.3
Plumas,4/16/2024,0.17,0.0,532,7.1,66.0,29.1,99,4.6,111.5,48.7
Plumas,4/17/2024,0.2,0.0,635,7.2,65.2,30.3,99,5.4,130.2,50.3
Plumas,4/18/2024,0.18,0.0,585,7.2,66.0,34.8,94,6.9,165.3,50.9
Plumas,4/19/2024,0.19,0.0,606,8.3,68.0,36.1,99,4.2,100.6,52.7
Plumas,4/20/2024,0.21,0.0,627,8.2,69.4,34.7,99,4.4,106.5,53.8
Plumas,4/21/2024,0.21,0.0,641,8.0,72.6,34.3,99,3.8,91.7,55.3
Plumas,4/22/2024,0.22,0.0,644,8.5,72.1,34.1,100,4.9,117.8,56.2
Plumas,4/23/2024,0.11,0.19,394,10.0,63.5,38.5,99,4.4,106.8,56.1
Plumas,4/24/2024,0.18,0.0,602,7.9,61.4,32.3,100,5.3,126.1,56.1
Plumas,4/25/2024,0.11,0.0,334,8.2,56.0,37.2,99,6.7,161.4,53.2
Plumas,4/26/2024,0.1,0.3,410,7.5,51.1,33.1,99,5.8,138.4,50.0
Plumas,4/27/2024,0.16,0.0,582,7.5,59.3,33.4,100,4.9,118.7,50.3
Plumas,4/28/2024,0.19,0.0,641,7.1,62.0,33.4,100,5.4,128.6,51.2
Plumas,4/29/2024,0.21,0.0,678,6.0,60.2,29.8,99,6.4,153.3,50.5
Plumas,4/30/2024,0.21,0.0,204,5.0,60.7,39.0,98,8.2,195.7,51.6
Plumas,5/1/2024,0.19,0.0,676,4.7,60.6,28.5,79,5.3,127.0,50.5
Plumas,5/2/2024,0.18,0.0,537,7.0,64.0,28.0,99,6.6,158.8,50.4
Plumas,5/3/2024,0.21,0.0,651,7.4,66.7,34.4,99,6.5,156.0,51.5
Plumas,5/4/2024,0.05,0.5,186,6.6,51.2,30.4,99,11.0,263.5,49.4
Plumas,5/5/2024,0.11,0.1,457,5.5,43.4,29.4,99,8.0,192.1,45.7
Plumas,5/6/2024,0.19,0.0,681,6.3,54.3,28.9,99,7.1,171.6,46.7
Plumas,5/7/2024,0.19,0.0,668,5.6,56.9,28.6,98,5.5,131.0,48.5
Plumas,5/8/2024,0.22,0.0,707,4.6,54.6,31.1,63,10.5,251.5,48.7
Plumas,5/9/2024,0.24,0.0,700,6.2,63.6,37.1,65,9.5,227.3,49.3
Plumas,5/10/2024,0.24,0.0,702,6.9,68.0,32.2,99,6.0,143.8,50.9
Plumas,5/11/2024,0.22,0.0,708,7.7,75.1,32.2,99,2.9,69.0,54.7
Plumas,5/12/2024,0.23,0.0,677,9.3,74.5,39.4,99,3.8,90.1,61.8
Plumas,5/13/2024,0.23,0.0,699,9.6,75.5,39.5,99,4.0,95.1,63.1
Plumas,5/14/2024,0.22,0.0,676,9.7,77.6,40.7,99,3.1,74.1,64.3
Plumas,5/15/2024,0.24,0.0,713,8.8,76.7,38.7,99,3.7,88.5,64.9
Plumas,5/16/2024,0.25,0.0,705,9.6,77.9,38.7,99,4.8,114.0,65.6
Plumas,5/17/2024,0.25,0.0,700,10.5,75.8,41.8,99,4.5,107.3,63.7
Plumas,5/18/2024,0.25,0.0,705,9.7,75.0,38.4,99,5.1,122.6,65.1
Plumas,5/19/2024,0.25,0.0,708,9.6,67.4,37.4,98,6.6,159.6,66.4
Plumas,5/20/2024,0.21,0.0,685,5.9,61.1,33.9,98,6.0,143.2,63.8
Plumas,5/21/2024,0.22,0.0,724,5.8,67.1,29.2,94,4.4,106.8,62.9
Plumas,5/22/2024,0.26,0.0,711,7.4,66.3,35.8,99,7.6,182.9,63.6
Plumas,5/23/2024,0.22,0.0,680,6.0,66.9,38.7,83,6.2,148.9,62.8
Plumas,5/24/2024,0.21,0.0,625,8.2,66.3,36.9,96,5.0,119.8,63.6
Plumas,5/25/2024,0.22,0.0,694,7.8,63.2,33.9,99,5.8,139.9,62.8
Plumas,5/26/2024,0.22,0.0,714,8.6,73.8,31.5,99,3.1,74.1,63.6
Plumas,5/27/2024,0.25,0.0,703,9.6,77.1,38.9,99,4.1,98.4,66.5
Plumas,5/28/2024,0.25,0.0,720,9.1,73.5,37.5,100,5.2,125.1,65.1
Plumas,5/29/2024,0.23,0.0,604,7.5,72.9,45.7,99,5.8,138.9,67.4
Plumas,5/30/2024,0.25,0.0,714,7.4,76.2,35.1,95,5.2,125.4,63.1
Plumas,5/31/2024,0.24,0.0,670,8.8,79.3,35.4,99,4.3,103.2,62.8
Plumas,6/1/2024,0.26,0.0,702,9.8,75.2,39.7,99,5.0,119.1,62.7
Plumas,6/2/2024,0.24,0.0,650,11.0,75.7,40.1,97,5.0,120.6,62.9
Plumas,6/3/2024,0.11,0.0,314,12.1,65.3,47.1,98,7.1,170.7,62.5
Plumas,6/4/2024,0.24,0.0,723,12.5,83.4,39.2,99,2.6,63.5,62.9
Plumas,6/5/2024,0.26,0.0,724,13.2,89.0,44.4,99,2.7,63.7,65.3
Plumas,6/6/2024,0.27,0.0,694,13.5,86.2,49.9,99,4.0,97.2,66.5
Plumas,6/7/2024,0.28,0.0,740,11.7,85.4,43.3,99,4.3,104.0,66.1
Plumas,6/8/2024,0.23,0.0,605,10.7,82.6,40.0,99,4.0,95.0,65.3
Plumas,6/9/2024,0.26,0.0,731,10.6,80.1,40.4,99,4.1,97.4,64.8
Plumas,6/10/2024,0.26,0.0,724,12.2,87.5,40.3,99,3.4,82.4,65.4
Plumas,6/11/2024,0.27,0.0,730,13.0,87.2,44.8,99,3.4,80.7,66.4
Plumas,6/12/2024,0.28,0.0,735,11.6,87.2,44.8,99,4.0,96.5,66.6
Plumas,6/13/2024,0.28,0.0,735,10.7,84.8,40.9,99,4.8,115.4,66.3
Plumas,6/14/2024,0.3,0.0,726,8.8,78.5,41.5,97,7.2,173.7,69.0
Plumas,6/15/2024,0.27,0.0,726,6.8,74.0,33.4,99,5.4,129.7,68.1
Plumas,6/16/2024,0.26,0.0,717,7.0,72.7,32.9,97,6.3,152.3,67.5
Plumas,6/17/2024,0.23,0.0,733,5.6,65.0,31.8,88,5.4,129.3,67.1
Plumas,6/18/2024,0.23,0.0,721,5.6,71.9,26.6,99,3.4,81.9,64.2
Plumas,6/19/2024,0.24,0.0,704,7.5,76.6,32.3,99,3.1,74.5,66.4
Plumas,6/20/2024,0.24,0.0,678,8.5,82.4,37.5,99,3.1,73.3,67.5
Plumas,6/21/2024,0.25,0.0,698,9.6,87.5,40.3,99,2.6,62.3,68.7
Plumas,6/22/2024,0.29,0.0,730,10.3,87.7,43.1,99,4.7,113.8,70.4
Plumas,6/23/2024,0.3,0.0,730,10.2,83.5,41.4,99,5.7,135.7,67.4
Plumas,6/24/2024,0.3,0.0,732,9.3,83.7,39.7,99,5.5,132.7,62.8
Plumas,6/25/2024,0.19,0.0,464,12.7,83.7,44.3,90,4.2,100.7,67.8
Plumas,6/26/2024,0.3,0.0,880,10.9,79.9,53.4,96,10.1,242.7,70.7
Plumas,6/27/2024,0.26,0.0,691,7.7,78.4,42.5,89,5.4,129.6,69.1
Plumas,6/28/2024,0.26,0.0,733,8.5,82.3,35.6,92,3.8,91.4,68.6
Plumas,6/29/2024,0.28,0.0,729,10.0,80.1,40.3,99,5.0,119.3,67.3
Plumas,6/30/2024,0.25,0.0,672,11.0,81.2,47.4,96,4.4,105.2,66.4
Plumas,7/1/2024,0.27,0.0,729,9.1,84.2,40.4,99,3.8,91.6,66.2
Plumas,7/2/2024,0.29,0.0,738,8.2,89.0,41.8,87,5.0,119.1,66.6
Plumas,7/3/2024,0.28,0.0,736,8.7,90.7,39.5,90,3.9,92.4,66.7
Plumas,7/4/2024,0.27,0.0,731,9.8,91.6,40.9,96,3.0,73.1,66.9
Plumas,7/5/2024,0.27,0.0,731,9.6,97.1,42.6,98,2.8,67.0,67.2
Plumas,7/6/2024,0.28,0.0,729,10.2,97.2,42.3,90,3.3,78.7,67.3
Plumas,7/7/2024,0.28,0.0,715,11.1,95.2,45.5,96,3.5,84.4,67.8
Plumas,7/8/2024,0.28,0.0,716,11.3,94.4,45.6,93,3.4,80.7,67.8
Plumas,7/9/2024,0.29,0.0,727,10.6,91.4,44.0,99,4.3,103.7,67.7
Plumas,7/10/2024,0.28,0.0,722,9.9,92.6,42.3,93,3.9,94.1,67.3
Plumas,7/11/2024,0.3,0.0,717,9.8,93.1,43.4,93,4.5,109.1,67.2
Plumas,7/12/2024,0.28,0.0,697,10.6,94.6,45.4,93,3.6,86.0,67.3
Plumas,7/13/2024,0.21,0.0,462,12.4,94.2,62.0,70,4.7,112.8,68.2
Plumas,7/14/2024,0.12,0.08,304,14.7,83.8,55.6,91,3.9,93.0,67.9
Plumas,7/15/2024,0.23,0.0,598,12.5,87.9,45.9,100,3.8,91.1,66.9
Plumas,7/16/2024,0.23,0.0,571,12.4,86.3,48.4,99,4.4,105.9,66.8
Plumas,7/17/2024,0.28,0.0,701,8.6,85.2,40.4,92,4.9,117.5,66.2
Plumas,7/18/2024,0.26,0.0,684,8.8,90.8,39.8,95,3.8,91.7,65.7
Plumas,7/19/2024,0.25,0.0,639,11.5,91.9,45.1,94,3.6,87.1,66.5
Plumas,7/20/2024,0.23,0.0,585,13.6,96.5,48.3,95,3.4,82.4,67.0
Plumas,7/21/2024,0.27,0.0,683,14.7,94.5,52.8,99,3.9,94.1,68.0
Plumas,7/22/2024,0.23,0.0,557,14.9,93.7,51.4,99,3.8,90.4,68.4
Plumas,7/23/2024,0.26,0.0,625,15.1,93.5,51.9,99,4.3,102.8,68.6
Plumas,7/24/2024,0.26,0.0,601,15.1,90.7,54.8,97,5.2,125.9,69.0
Plumas,7/25/2024,0.31,0.0,699,11.8,87.7,51.0,98,6.6,159.0,68.9
Plumas,7/26/2024,0.3,0.0,710,8.0,86.6,38.9,93,6.5,155.1,67.5
Plumas,7/27/2024,0.26,0.0,660,7.7,77.9,44.2,84,5.4,128.5,66.7
Plumas,7/28/2024,0.24,0.0,617,8.1,79.9,37.3,96,4.1,99.4,65.4
Plumas,7/29/2024,0.26,0.0,675,8.2,81.2,37.0,96,5.1,122.0,65.1
Plumas,7/30/2024,0.25,0.0,676,8.9,83.8,39.2,94,4.1,99.3,65.3
Plumas,7/31/2024,0.25,0.0,643,10.4,91.8,44.2,98,3.5,85.0,66.1
Plumas,8/1/2024,0.26,0.0,183,11.1,91.8,56.7,95,4.8,115.4,69.2
Plumas,8/2/2024,0.25,0.0,561,10.9,92.0,48.3,91,4.4,105.6,67.6
Plumas,8/3/2024,0.11,0.17,285,14.3,86.2,54.5,99,3.9,94.1,67.7
Plumas,8/4/2024,0.23,0.01,624,14.2,88.2,53.3,100,3.7,89.9,67.2
Plumas,8/5/2024,0.28,0.0,671,11.3,88.9,43.3,100,5.3,127.9,67.0
Plumas,8/6/2024,0.29,0.0,673,9.3,91.2,44.9,96,5.3,127.7,67.0
Plumas,8/7/2024,0.28,0.0,656,10.0,91.8,44.3,92,5.1,121.8,67.2
Plumas,8/8/2024,0.27,0.0,625,11.0,89.4,51.9,86,5.1,123.0,67.9
Plumas,8/9/2024,0.27,0.0,659,9.9,89.0,43.7,98,5.1,122.7,67.7
Plumas,8/10/2024,0.27,0.0,672,8.4,88.9,41.6,98,5.1,122.4,67.4
Plumas,8/11/2024,0.24,0.0,553,6.4,87.7,36.5,91,5.1,122.0,66.1
Plumas,8/12/2024,0.28,0.0,620,6.6,82.9,35.1,87,7.4,177.6,65.1
Plumas,8/13/2024,0.25,0.0,647,7.5,80.1,34.4,95,5.7,136.2,64.7
Plumas,8/14/2024,0.25,0.0,651,8.1,80.9,36.4,99,5.4,129.5,64.7
Plumas,8/15/2024,0.25,0.0,643,8.3,81.2,35.3,96,5.2,125.0,64.6
Plumas,8/16/2024,0.25,0.0,647,8.2,83.0,37.5,99,4.9,117.7,64.6
Plumas,8/17/2024,0.28,0.0,634,8.4,78.5,35.2,99,8.4,201.7,64.1
Plumas,8/18/2024,0.25,0.0,640,8.5,78.6,33.6,99,6.6,157.3,63.6
Plumas,8/19/2024,0.26,0.0,632,8.2,80.7,34.5,99,6.7,161.8,63.7
Plumas,8/20/2024,0.23,0.0,590,7.6,80.8,34.6,99,5.1,123.4,63.5
Plumas,8/21/2024,0.24,0.0,631,7.2,80.5,33.3,95,4.8,115.5,63.3
Plumas,8/22/2024,0.27,0.0,621,7.3,77.9,32.8,94,8.8,210.8,63.0
Plumas,8/23/2024,0.24,0.0,485,6.6,63.4,44.6,64,11.5,275.2,61.9
Plumas,8/24/2024,0.24,0.24,222,8.5,,33.0,99,5.6,133.3,59.6
Plumas,8/25/2024,0.2,0.01,586,7.7,69.9,29.0,100,4.1,98.5,58.6
Plumas,8/26/2024,0.2,0.0,606,8.0,81.0,32.0,99,3.2,76.6,60.2
Plumas,8/27/2024,0.23,0.0,596,8.9,86.6,36.6,99,4.3,103.9,61.5
Plumas,8/28/2024,0.22,0.0,593,8.1,87.9,37.2,99,3.5,84.0,62.4
Plumas,8/29/2024,0.23,0.0,143,8.2,89.4,48.5,95,3.9,93.1,66.3
Plumas,8/30/2024,0.24,0.0,588,8.1,91.3,38.8,99,4.3,103.0,63.7
Plumas,8/31/2024,0.22,0.0,550,7.9,91.8,39.8,93,3.8,91.2,63.8
Plumas,9/1/2024,0.27,0.0,575,7.7,88.0,40.4,88,6.7,159.9,63.8
Plumas,9/2/2024,0.3,0.0,576,6.9,83.0,39.5,66,9.1,218.1,64.2
Plumas,9/3/2024,0.21,0.0,572,6.6,85.2,31.7,88,4.0,96.2,62.7
Plumas,9/4/2024,0.23,0.0,555,6.8,87.7,34.4,91,4.6,109.6,63.0
Plumas,9/5/2024,0.23,0.0,545,7.9,92.4,38.4,88,3.9,94.8,63.8
Plumas,9/6/2024,0.2,0.0,495,9.3,92.0,41.8,97,4.1,98.7,64.0
Plumas,9/7/2024,0.2,0.0,453,8.5,88.1,42.0,99,5.8,140.0,63.8
Plumas,9/8/2024,0.24,0.0,558,7.2,84.7,34.8,99,6.0,143.8,62.9
Plumas,9/9/2024,0.21,0.0,541,7.5,85.3,34.2,97,4.1,99.2,62.7
Plumas,9/10/2024,0.23,0.0,544,6.5,84.0,35.7,94,5.7,137.7,62.6
Plumas,9/11/2024,0.23,0.0,552,6.5,73.9,29.7,88,8.7,208.7,60.7
Plumas,9/12/2024,0.18,0.0,541,7.2,72.5,34.5,99,4.9,118.1,60.9
Plumas,9/13/2024,0.18,0.0,538,6.3,79.4,29.7,88,3.3,78.0,61.0
Plumas,9/14/2024,0.19,0.0,532,7.5,82.0,33.3,97,4.3,103.0,61.2
Plumas,9/15/2024,0.19,0.0,411,6.4,71.9,34.8,91,8.6,206.0,60.0
Plumas,9/16/2024,0.11,0.0,331,6.9,64.5,27.7,91,5.7,137.3,58.3
Plumas,9/17/2024,0.06,0.04,206,9.1,59.9,41.5,91,6.4,153.8,57.5
Plumas,9/18/2024,0.11,0.01,327,9.2,68.7,35.4,99,4.9,118.0,57.2
Plumas,9/19/2024,0.16,0.01,469,9.4,73.2,39.7,100,4.6,110.5,58.4
Plumas,9/20/2024,0.16,0.0,503,8.0,77.8,32.3,99,2.9,69.8,59.1
Plumas,9/21/2024,0.18,0.0,504,7.2,78.2,33.9,99,4.2,101.1,59.6
Plumas,9/22/2024,0.17,0.0,506,6.1,80.4,29.5,99,3.6,86.1,59.4
Plumas,9/23/2024,0.19,0.0,500,6.1,81.9,32.4,97,4.8,114.6,59.4
Plumas,9/24/2024,0.17,0.0,485,6.5,86.5,31.7,88,3.5,84.6,59.8
Plumas,9/25/2024,0.21,0.0,483,7.4,83.0,34.8,88,6.3,150.5,59.7
Plumas,9/26/2024,0.16,0.0,488,6.3,84.0,32.6,92,3.2,77.8,60.1
Plumas,9/27/2024,0.18,0.0,483,6.1,86.3,32.8,91,4.2,101.1,59.8
Plumas,9/28/2024,0.18,0.0,482,5.9,87.4,31.7,93,4.1,97.6,59.6
Plumas,9/29/2024,0.16,0.0,475,5.7,84.0,30.1,89,3.2,77.5,59.4
Plumas,9/30/2024,0.22,0.0,462,5.3,78.5,34.0,85,8.6,206.8,59.1
Plumas,10/1/2024,0.17,0.0,458,5.8,88.5,31.5,84,3.8,90.1,59.0
Plumas,10/2/2024,0.16,0.0,459,6.1,88.7,33.3,88,3.3,78.5,59.3
Plumas,10/3/2024,0.18,0.0,458,5.7,86.6,29.7,88,4.8,115.3,58.8
Plumas,10/4/2024,0.22,0.0,627,6.0,81.1,43.1,84,9.5,228.6,58.8
Plumas,10/5/2024,0.16,0.0,398,6.5,83.5,32.3,87,4.2,99.6,58.3
Plumas,10/6/2024,0.14,0.0,400,6.9,84.0,34.6,91,2.9,69.4,58.4
Plumas,10/7/2024,0.13,0.0,338,7.5,83.3,38.9,84,3.4,82.5,58.7
Plumas,10/8/2024,0.15,0.0,427,6.5,82.6,32.2,95,3.7,87.8,58.2
Plumas,10/9/2024,0.15,0.0,388,5.7,81.8,28.6,96,3.9,93.3,57.4
Plumas,10/10/2024,0.14,0.0,392,5.6,79.1,30.4,83,4.0,95.4,57.3
Plumas,10/11/2024,0.14,0.0,370,5.4,78.2,26.5,90,4.0,96.3,56.5
Plumas,10/12/2024,0.14,0.0,358,6.5,72.4,33.6,82,5.9,142.5,56.2
Plumas,10/13/2024,0.12,0.0,408,6.9,73.4,28.9,96,3.2,76.5,56.3
Plumas,10/14/2024,0.12,0.0,408,6.2,78.6,25.8,99,2.6,62.1,56.0
Plumas,10/15/2024,0.13,0.0,399,7.0,79.3,28.4,94,3.4,80.7,55.7
Plumas,10/16/2024,0.01,0.35,91,9.6,58.3,33.0,100,3.6,87.4,54.0
Plumas,10/17/2024,0.06,0.02,229,6.9,58.9,31.5,100,5.6,134.0,52.1
Plumas,10/18/2024,0.11,0.0,394,4.4,51.9,25.1,85,8.6,207.0,49.8
Plumas,10/19/2024,0.14,0.0,388,4.1,62.8,21.4,95,7.8,186.1,49.3
Plumas,10/20/2024,0.11,0.0,380,4.2,70.4,21.9,94,3.5,84.9,49.9
Plumas,10/21/2024,0.15,0.0,377,4.9,67.4,28.1,87,6.8,164.0,50.3
Plumas,10/22/2024,0.11,0.0,347,5.3,69.2,21.2,98,4.3,102.3,49.6
Plumas,10/23/2024,0.14,0.0,358,5.5,70.9,23.5,99,7.7,184.7,49.8
Plumas,10/24/2024,0.11,0.0,370,4.8,60.6,23.7,87,7.7,185.2,49.9
Plumas,10/25/2024,0.07,0.0,266,4.7,71.6,19.0,99,3.1,75.5,48.7
Plumas,10/26/2024,0.1,0.0,317,4.3,74.5,20.9,94,3.8,90.7,48.5
Plumas,10/27/2024,0.13,0.0,364,7.4,64.0,44.5,76,8.7,209.7,50.1
Plumas,10/28/2024,0.07,0.0,325,5.9,52.1,27.2,100,6.7,159.7,49.8
Plumas,10/29/2024,0.06,0.0,297,4.6,49.3,14.9,100,3.4,81.0,48.4
Plumas,10/30/2024,0.06,0.0,176,3.6,52.3,10.8,97,5.4,129.9,45.7
Plumas,10/31/2024,0.05,0.06,189,6.0,47.3,26.3,99,6.3,151.5,45.8
Plumas,11/1/2024,0.08,0.0,266,4.9,54.3,16.4,100,5.6,133.2,44.6
Plumas,11/2/2024,0.06,0.04,244,6.5,50.4,27.8,100,4.9,117.9,45.6
Plumas,11/3/2024,0.08,0.0,292,4.9,49.5,21.5,99,5.6,135.6,45.3
Plumas,11/4/2024,0.07,0.0,321,4.6,61.5,16.9,99,2.8,66.6,45.0
Plumas,11/5/2024,0.08,0.0,274,4.0,52.2,22.4,99,5.0,119.8,45.3
Plumas,11/6/2024,0.1,0.0,323,3.0,45.6,24.8,67,11.3,271.0,44.3
Plumas,11/7/2024,0.11,0.0,316,2.5,56.7,15.7,71,7.2,173.9,43.6
Plumas,11/8/2024,0.09,0.0,313,3.1,62.2,13.3,90,3.9,92.7,43.4
Plumas,11/9/2024,0.08,0.0,287,4.1,64.3,14.3,92,3.6,86.2,43.5
Plumas,11/10/2024,0.1,0.0,297,3.8,63.3,21.5,91,4.8,115.3,44.5
Plumas,11/11/2024,0.05,0.19,121,5.3,53.8,32.0,99,7.6,181.5,43.8
Plumas,11/12/2024,0.06,0.0,291,5.2,49.0,25.0,99,2.8,66.6,43.2
Plumas,11/13/2024,0.08,0.02,215,5.3,54.8,21.6,99,9.1,219.6,42.2
Plumas,11/14/2024,0.04,0.0,160,5.6,49.6,27.9,99,5.9,141.7,41.8
Plumas,11/15/2024,0.02,0.05,96,5.2,39.1,23.6,100,3.6,86.1,41.6
Plumas,11/16/2024,0.05,0.0,279,4.0,41.5,17.5,99,3.6,86.9,40.6
Plumas,11/17/2024,0.04,0.02,171,5.8,52.9,16.4,99,6.1,147.5,40.3
Plumas,11/18/2024,0.05,0.0,256,4.1,41.6,14.8,94,6.0,144.9,40.7
Plumas,11/19/2024,0.03,0.0,155,3.2,41.5,9.2,97,3.1,73.2,38.1
Plumas,11/20/2024,0.06,0.46,73,5.3,46.7,34.6,95,13.1,313.3,38.9
Plumas,11/21/2024,0.06,0.6,176,8.4,53.2,41.1,96,13.9,332.8,42.1
Plumas,11/22/2024,0.06,0.32,56,7.4,52.8,40.7,94,14.5,348.2,43.2
Plumas,11/23/2024,0.02,0.6,162,6.8,41.5,30.4,100,6.3,151.9,42.1
Plumas,11/24/2024,0.04,0.02,240,4.8,44.6,19.0,100,3.6,85.6,40.8
Plumas,11/25/2024,0.02,0.07,116,6.3,44.6,24.5,98,4.1,97.3,40.1
Plumas,11/26/2024,0.04,0.01,200,6.1,44.2,23.9,99,6.4,154.7,41.2
Plumas,11/27/2024,0.05,0.0,265,4.6,41.5,22.0,99,9.7,232.8,39.0
Plumas,11/28/2024,0.04,0.0,258,4.1,43.1,16.3,99,3.7,89.9,37.5
Plumas,11/29/2024,0.03,0.0,237,4.1,46.8,14.7,100,2.0,48.4,36.3
Plumas,11/30/2024,0.04,0.0,258,4.0,50.7,13.4,99,2.0,46.9,35.5
Plumas,12/1/2024,0.03,0.0,161,4.3,41.9,14.9,99,2.4,58.4,34.9
Plumas,12/2/2024,0.05,0.0,244,4.7,49.8,19.9,99,3.8,91.9,35.1
Plumas,12/3/2024,0.05,0.0,247,4.5,50.2,17.9,99,3.3,79.8,35.4
Plumas,12/4/2024,0.05,0.0,247,4.6,52.8,17.0,100,2.5,60.9,35.4
Plumas,12/5/2024,0.05,0.0,249,4.7,54.8,18.3,100,2.6,61.8,35.4
Plumas,12/6/2024,0.05,0.0,241,4.5,52.3,16.7,99,4.1,98.8,35.3
Plumas,12/7/2024,0.04,0.0,210,4.8,52.4,18.6,99,2.1,50.3,35.4
Plumas,12/8/2024,0.04,0.0,248,4.0,54.5,15.2,100,2.2,52.2,35.6
Plumas,12/9/2024,0.07,0.0,253,2.9,43.0,11.5,95,9.9,237.9,34.6
Plumas,12/10/2024,0.04,0.0,236,2.8,44.7,9.0,97,2.6,62.9,33.8
Plumas,12/11/2024,0.05,0.0,215,2.9,51.6,12.1,96,3.6,86.6,33.4
Plumas,12/12/2024,0.05,0.0,155,5.0,43.2,27.6,99,7.4,176.7,33.9
Plumas,12/13/2024,0.03,0.0,112,5.4,45.8,26.4,99,7.5,180.2,34.8
Plumas,12/14/2024,0.01,0.64,78,6.1,38.5,22.5,100,6.8,163.9,35.4
Plumas,12/15/2024,0.03,0.0,221,4.4,38.8,11.8,100,2.1,51.1,35.0
Plumas,12/16/2024,0.02,0.15,94,6.3,42.5,24.2,98,7.1,171.3,34.8
Plumas,12/17/2024,0.04,0.0,211,6.1,51.1,25.1,100,2.5,60.7,35.7
Plumas,12/18/2024,0.03,0.0,191,5.3,45.3,20.1,100,2.1,51.6,35.5
Plumas,12/19/2024,0.04,0.0,247,5.4,49.3,18.6,100,1.8,43.1,35.1
Plumas,12/20/2024,0.0,0.0,63,5.5,35.0,22.0,100,2.1,50.4,34.6
Plumas,12/21/2024,0.05,0.08,147,6.7,51.1,27.9,100,9.0,215.5,35.1
Plumas,12/22/2024,0.04,0.09,163,8.3,53.2,35.5,100,4.5,107.5,37.9
Plumas,12/23/2024,0.03,0.01,167,7.8,52.5,30.6,100,2.9,70.8,39.3
Plumas,12/24/2024,0.01,0.26,50,6.9,51.3,21.8,100,6.9,165.5,39.3
Plumas,12/25/2024,0.02,0.0,126,5.4,38.1,23.2,100,2.8,67.3,37.6
Plumas,12/26/2024,0.04,0.03,138,6.8,48.0,34.3,99,9.2,220.7,38.0
Plumas,12/27/2024,0.07,0.02,219,7.2,53.2,35.3,98,9.6,229.3,39.4
Plumas,12/28/2024,0.06,0.0,167,8.1,54.1,40.0,92,10.7,257.1,40.9
Plumas,12/29/2024,0.02,0.82,92,7.4,46.1,34.1,99,9.2,221.6,40.6
Plumas,12/30/2024,0.04,0.0,232,5.5,40.9,28.7,100,7.1,170.2,39.1
Plumas,12/31/2024,0.0,0.0,197,4.9,40.1,24.3,98,3.3,79.0,37.7
