County,None,D0,D1,D2,D3,D4,ValidStart
Yolo County,100.0,0.0,0.0,0.0,0.0,0.0,2025-03-04
Yolo County,100.0,0.0,0.0,0.0,0.0,0.0,2025-02-25
Yolo County,100.0,0.0,0.0,0.0,0.0,0.0,2025-02-18
Yolo County,100.0,0.0,0.0,0.0,0.0,0.0,2025-02-11
Yolo County,100.0,0.0,0.0,0.0,0.0,0.0,2025-02-04
Yolo County,100.0,0.0,0.0,0.0,0.0,0.0,2025-01-28
Yolo County,100.0,0.0,0.0,0.0,0.0,0.0,2025-01-21
Yolo County,100.0,0.0,0.0,0.0,0.0,0.0,2025-01-14
Yolo County,100.0,0.0,0.0,0.0,0.0,0.0,2025-01-07
Yolo County,100.0,0.0,0.0,0.0,0.0,0.0,2024-12-31
Yolo County,100.0,0.0,0.0,0.0,0.0,0.0,2024-12-24
Yolo County,100.0,0.0,0.0,0.0,0.0,0.0,2024-12-17
Yolo County,100.0,0.0,0.0,0.0,0.0,0.0,2024-12-10
Yolo County,100.0,0.0,0.0,0.0,0.0,0.0,2024-12-03
Yolo County,100.0,0.0,0.0,0.0,0.0,0.0,2024-11-26
Yolo County,0.0,100.0,0.0,0.0,0.0,0.0,2024-11-19
Yolo County,0.0,100.0,0.0,0.0,0.0,0.0,2024-11-12
Yolo County,0.0,100.0,0.0,0.0,0.0,0.0,2024-11-05
Yolo County,0.0,100.0,0.0,0.0,0.0,0.0,2024-10-29
Yolo County,0.0,100.0,0.0,0.0,0.0,0.0,2024-10-22
Yolo County,0.0,100.0,0.0,0.0,0.0,0.0,2024-10-15
Yolo County,0.0,100.0,0.0,0.0,0.0,0.0,2024-10-08
Yolo County,0.0,100.0,0.0,0.0,0.0,0.0,2024-10-01
Yolo County,0.0,100.0,0.0,0.0,0.0,0.0,2024-09-24
Yolo County,0.0,100.0,0.0,0.0,0.0,0.0,2024-09-17
Yolo County,0.0,100.0,0.0,0.0,0.0,0.0,2024-09-10
Yolo County,100.0,0.0,0.0,0.0,0.0,0.0,2024-09-03
Yolo County,100.0,0.0,0.0,0.0,0.0,0.0,2024-08-27
Yolo County,100.0,0.0,0.0,0.0,0.0,0.0,2024-08-20
Yolo County,100.0,0.0,0.0,0.0,0.0,0.0,2024-08-13
Yolo County,100.0,0.0,0.0,0.0,0.0,0.0,2024-08-06
Yolo County,100.0,0.0,0.0,0.0,0.0,0.0,2024-07-30
Yolo County,100.0,0.0,0.0,0.0,0.0,0.0,2024-07-23
Yolo County,100.0,0.0,0.0,0.0,0.0,0.0,2024-07-16
Yolo County,100.0,0.0,0.0,0.0,0.0,0.0,2024-07-09
Yolo County,100.0,0.0,0.0,0.0,0.0,0.0,2024-07-02
Yolo County,100.0,0.0,0.0,0.0,0.0,0.0,2024-06-25
Yolo County,100.0,0.0,0.0,0.0,0.0,0.0,2024-06-18
Yolo County,100.0,0.0,0.0,0.0,0.0,0.0,2024-06-11
Yolo County,100.0,0.0,0.0,0.0,0.0,0.0,2024-06-04
Yolo County,100.0,0.0,0.0,0.0,0.0,0.0,2024-05-28
Yolo County,100.0,0.0,0.0,0.0,0.0,0.0,2024-05-21
Yolo County,100.0,0.0,0.0,0.0,0.0,0.0,2024-05-14
Yolo County,100.0,0.0,0.0,0.0,0.0,0.0,2024-05-07
Yolo County,100.0,0.0,0.0,0.0,0.0,0.0,2024-04-30
Yolo County,100.0,0.0,0.0,0.0,0.0,0.0,2024-04-23
Yolo County,100.0,0.0,0.0,0.0,0.0,0.0,2024-04-16
Yolo County,100.0,0.0,0.0,0.0,0.0,0.0,2024-04-09
Yolo County,100.0,0.0,0.0,0.0,0.0,0.0,2024-04-02
Yolo County,100.0,0.0,0.0,0.0,0.0,0.0,2024-03-26
Yolo County,100.0,0.0,0.0,0.0,0.0,0.0,2024-03-19
Yolo County,100.0,0.0,0.0,0.0,0.0,0.0,2024-03-12
Yolo County,100.0,0.0,0.0,0.0,0.0,0.0,2024-03-05
Yolo County,100.0,0.0,0.0,0.0,0.0,0.0,2024-02-27
Yolo County,100.0,0.0,0.0,0.0,0.0,0.0,2024-02-20
Yolo County,100.0,0.0,0.0,0.0,0.0,0.0,2024-02-13
Yolo County,100.0,0.0,0.0,0.0,0.0,0.0,2024-02-06
Yolo County,100.0,0.0,0.0,0.0,0.0,0.0,2024-01-30
Yolo County,100.0,0.0,0.0,0.0,0.0,0.0,2024-01-23
Yolo County,100.0,0.0,0.0,0.0,0.0,0.0,2024-01-16
Yolo County,100.0,0.0,0.0,0.0,0.0,0.0,2024-01-09
Yolo County,100.0,0.0,0.0,0.0,0.0,0.0,2024-01-02
Yolo County,100.0,0.0,0.0,0.0,0.0,0.0,2023-12-26
Yolo County,100.0,0.0,0.0,0.0,0.0,0.0,2023-12-19
Yolo County,100.0,0.0,0.0,0.0,0.0,0.0,2023-12-12
Yolo County,100.0,0.0,0.0,0.0,0.0,0.0,2023-12-05
Yolo County,100.0,0.0,0.0,0.0,0.0,0.0,2023-11-28
Yolo County,100.0,0.0,0.0,0.0,0.0,0.0,2023-11-21
Yolo County,100.0,0.0,0.0,0.0,0.0,0.0,2023-11-14
Yolo County,100.0,0.0,0.0,0.0,0.0,0.0,2023-11-07
Yolo County,100.0,0.0,0.0,0.0,0.0,0.0,2023-10-31
Yolo County,100.0,0.0,0.0,0.0,0.0,0.0,2023-10-24
Yolo County,100.0,0.0,0.0,0.0,0.0,0.0,2023-10-17
Yolo County,100.0,0.0,0.0,0.0,0.0,0.0,2023-10-10
Yolo County,100.0,0.0,0.0,0.0,0.0,0.0,2023-10-03
Yolo County,100.0,0.0,0.0,0.0,0.0,0.0,2023-09-26
Yolo County,100.0,0.0,0.0,0.0,0.0,0.0,2023-09-19
Yolo County,100.0,0.0,0.0,0.0,0.0,0.0,2023-09-12
Yolo County,100.0,0.0,0.0,0.0,0.0,0.0,2023-09-05
Yolo County,100.0,0.0,0.0,0.0,0.0,0.0,2023-08-29
Yolo County,100.0,0.0,0.0,0.0,0.0,0.0,2023-08-22
Yolo County,100.0,0.0,0.0,0.0,0.0,0.0,2023-08-15
Yolo County,100.0,0.0,0.0,0.0,0.0,0.0,2023-08-08
Yolo County,100.0,0.0,0.0,0.0,0.0,0.0,2023-08-01
Yolo County,100.0,0.0,0.0,0.0,0.0,0.0,2023-07-25
Yolo County,100.0,0.0,0.0,0.0,0.0,0.0,2023-07-18
Yolo County,100.0,0.0,0.0,0.0,0.0,0.0,2023-07-11
Yolo County,100.0,0.0,0.0,0.0,0.0,0.0,2023-07-04
Yolo County,100.0,0.0,0.0,0.0,0.0,0.0,2023-06-27
Yolo County,100.0,0.0,0.0,0.0,0.0,0.0,2023-06-20
Yolo County,100.0,0.0,0.0,0.0,0.0,0.0,2023-06-13
Yolo County,100.0,0.0,0.0,0.0,0.0,0.0,2023-06-06
Yolo County,100.0,0.0,0.0,0.0,0.0,0.0,2023-05-30
Yolo County,100.0,0.0,0.0,0.0,0.0,0.0,2023-05-23
Yolo County,100.0,0.0,0.0,0.0,0.0,0.0,2023-05-16
Yolo County,100.0,0.0,0.0,0.0,0.0,0.0,2023-05-09
Yolo County,100.0,0.0,0.0,0.0,0.0,0.0,2023-05-02
Yolo County,100.0,0.0,0.0,0.0,0.0,0.0,2023-04-25
Yolo County,100.0,0.0,0.0,0.0,0.0,0.0,2023-04-18
Yolo County,100.0,0.0,0.0,0.0,0.0,0.0,2023-04-11
Yolo County,16.69,83.31,0.0,0.0,0.0,0.0,2023-04-04
Yolo County,16.66,83.34,0.0,0.0,0.0,0.0,2023-03-28
Yolo County,0.57,99.43,83.38,0.0,0.0,0.0,2023-03-21
Yolo County,0.57,99.43,83.38,0.0,0.0,0.0,2023-03-14
Yolo County,0.0,100.0,95.57,78.76,0.0,0.0,2023-03-07
Yolo County,0.0,100.0,95.57,78.76,0.0,0.0,2023-02-28
Yolo County,0.0,100.0,100.0,81.04,0.0,0.0,2023-02-21
Yolo County,0.0,100.0,100.0,81.04,0.0,0.0,2023-02-14
Yolo County,0.0,100.0,100.0,81.04,0.0,0.0,2023-02-07
Yolo County,0.0,100.0,100.0,80.2,0.0,0.0,2023-01-31
Yolo County,0.0,100.0,100.0,80.2,0.0,0.0,2023-01-24
Yolo County,0.0,100.0,100.0,80.53,0.0,0.0,2023-01-17
Yolo County,0.0,100.0,100.0,95.83,0.0,0.0,2023-01-10
Yolo County,0.0,100.0,100.0,100.0,95.83,0.0,2023-01-03
Yolo County,0.0,100.0,100.0,100.0,100.0,0.0,2022-12-27
Yolo County,0.0,100.0,100.0,100.0,100.0,0.0,2022-12-20
Yolo County,0.0,100.0,100.0,100.0,100.0,0.0,2022-12-13
Yolo County,0.0,100.0,100.0,100.0,100.0,0.0,2022-12-06
Yolo County,0.0,100.0,100.0,100.0,100.0,0.0,2022-11-29
Yolo County,0.0,100.0,100.0,100.0,100.0,0.0,2022-11-22
Yolo County,0.0,100.0,100.0,100.0,100.0,0.0,2022-11-15
Yolo County,0.0,100.0,100.0,100.0,100.0,0.0,2022-11-08
Yolo County,0.0,100.0,100.0,100.0,100.0,0.0,2022-11-01
Yolo County,0.0,100.0,100.0,100.0,100.0,0.0,2022-10-25
Yolo County,0.0,100.0,100.0,100.0,94.75,0.0,2022-10-18
Yolo County,0.0,100.0,100.0,100.0,94.75,0.0,2022-10-11
Yolo County,0.0,100.0,100.0,100.0,94.75,0.0,2022-10-04
Yolo County,0.0,100.0,100.0,100.0,94.75,0.0,2022-09-27
Yolo County,0.0,100.0,100.0,100.0,94.75,0.0,2022-09-20
Yolo County,0.0,100.0,100.0,100.0,94.75,0.0,2022-09-13
Yolo County,0.0,100.0,100.0,100.0,94.73,0.0,2022-09-06
Yolo County,0.0,100.0,100.0,100.0,94.73,0.0,2022-08-30
Yolo County,0.0,100.0,100.0,100.0,94.73,0.0,2022-08-23
Yolo County,0.0,100.0,100.0,100.0,94.73,0.0,2022-08-16
Yolo County,0.0,100.0,100.0,100.0,94.73,0.0,2022-08-09
Yolo County,0.0,100.0,100.0,100.0,94.11,0.0,2022-08-02
Yolo County,0.0,100.0,100.0,100.0,94.11,0.0,2022-07-26
Yolo County,0.0,100.0,100.0,100.0,94.11,0.0,2022-07-19
Yolo County,0.0,100.0,100.0,100.0,94.11,0.0,2022-07-12
Yolo County,0.0,100.0,100.0,100.0,94.11,0.0,2022-07-05
Yolo County,0.0,100.0,100.0,100.0,94.11,0.0,2022-06-28
Yolo County,0.0,100.0,100.0,100.0,94.11,0.0,2022-06-21
Yolo County,0.0,100.0,100.0,100.0,94.11,0.0,2022-06-14
Yolo County,0.0,100.0,100.0,100.0,94.11,0.0,2022-06-07
Yolo County,0.0,100.0,100.0,100.0,94.11,0.0,2022-05-31
Yolo County,0.0,100.0,100.0,100.0,94.11,0.0,2022-05-24
Yolo County,0.0,100.0,100.0,100.0,94.11,0.0,2022-05-17
Yolo County,0.0,100.0,100.0,100.0,94.11,0.0,2022-05-10
Yolo County,0.0,100.0,100.0,100.0,94.11,0.0,2022-05-03
Yolo County,0.0,100.0,100.0,100.0,94.11,0.0,2022-04-26
Yolo County,0.0,100.0,100.0,100.0,94.11,0.0,2022-04-19
Yolo County,0.0,100.0,100.0,100.0,94.11,0.0,2022-04-12
Yolo County,0.0,100.0,100.0,100.0,12.41,0.0,2022-04-05
Yolo County,0.0,100.0,100.0,100.0,11.52,0.0,2022-03-29
Yolo County,0.0,100.0,100.0,100.0,11.52,0.0,2022-03-22
Yolo County,0.0,100.0,100.0,100.0,11.52,0.0,2022-03-15
Yolo County,0.0,100.0,100.0,100.0,0.0,0.0,2022-03-08
Yolo County,0.0,100.0,100.0,100.0,0.0,0.0,2022-03-01
Yolo County,0.0,100.0,100.0,100.0,0.0,0.0,2022-02-22
Yolo County,0.0,100.0,100.0,100.0,0.0,0.0,2022-02-15
Yolo County,0.0,100.0,100.0,100.0,0.0,0.0,2022-02-08
Yolo County,0.0,100.0,100.0,100.0,0.0,0.0,2022-02-01
Yolo County,0.0,100.0,100.0,100.0,0.0,0.0,2022-01-25
Yolo County,0.0,100.0,100.0,100.0,0.0,0.0,2022-01-18
Yolo County,0.0,100.0,100.0,100.0,0.0,0.0,2022-01-11
Yolo County,0.0,100.0,100.0,100.0,93.25,0.0,2022-01-04
Yolo County,0.0,100.0,100.0,100.0,93.25,0.0,2021-12-28
Yolo County,0.0,100.0,100.0,100.0,100.0,0.0,2021-12-21
Yolo County,0.0,100.0,100.0,100.0,100.0,0.0,2021-12-14
Yolo County,0.0,100.0,100.0,100.0,100.0,0.0,2021-12-07
Yolo County,0.0,100.0,100.0,100.0,100.0,0.0,2021-11-30
Yolo County,0.0,100.0,100.0,100.0,100.0,0.0,2021-11-23
Yolo County,0.0,100.0,100.0,100.0,100.0,100.0,2021-11-16
Yolo County,0.0,100.0,100.0,100.0,100.0,100.0,2021-11-09
Yolo County,0.0,100.0,100.0,100.0,100.0,100.0,2021-11-02
Yolo County,0.0,100.0,100.0,100.0,100.0,100.0,2021-10-26
Yolo County,0.0,100.0,100.0,100.0,100.0,100.0,2021-10-19
Yolo County,0.0,100.0,100.0,100.0,100.0,100.0,2021-10-12
Yolo County,0.0,100.0,100.0,100.0,100.0,100.0,2021-10-05
Yolo County,0.0,100.0,100.0,100.0,100.0,100.0,2021-09-28
Yolo County,0.0,100.0,100.0,100.0,100.0,100.0,2021-09-21
Yolo County,0.0,100.0,100.0,100.0,100.0,100.0,2021-09-14
Yolo County,0.0,100.0,100.0,100.0,100.0,100.0,2021-09-07
Yolo County,0.0,100.0,100.0,100.0,100.0,100.0,2021-08-31
Yolo County,0.0,100.0,100.0,100.0,100.0,100.0,2021-08-24
Yolo County,0.0,100.0,100.0,100.0,100.0,100.0,2021-08-17
Yolo County,0.0,100.0,100.0,100.0,100.0,100.0,2021-08-10
Yolo County,0.0,100.0,100.0,100.0,100.0,100.0,2021-08-03
Yolo County,0.0,100.0,100.0,100.0,100.0,100.0,2021-07-27
Yolo County,0.0,100.0,100.0,100.0,100.0,100.0,2021-07-20
Yolo County,0.0,100.0,100.0,100.0,100.0,100.0,2021-07-13
Yolo County,0.0,100.0,100.0,100.0,100.0,100.0,2021-07-06
Yolo County,0.0,100.0,100.0,100.0,100.0,100.0,2021-06-29
Yolo County,0.0,100.0,100.0,100.0,100.0,100.0,2021-06-22
Yolo County,0.0,100.0,100.0,100.0,100.0,100.0,2021-06-15
Yolo County,0.0,100.0,100.0,100.0,100.0,100.0,2021-06-08
Yolo County,0.0,100.0,100.0,100.0,100.0,100.0,2021-06-01
Yolo County,0.0,100.0,100.0,100.0,100.0,100.0,2021-05-25
Yolo County,0.0,100.0,100.0,100.0,100.0,0.0,2021-05-18
Yolo County,0.0,100.0,100.0,100.0,100.0,0.0,2021-05-11
Yolo County,0.0,100.0,100.0,100.0,100.0,0.0,2021-05-04
Yolo County,0.0,100.0,100.0,100.0,100.0,0.0,2021-04-27
Yolo County,0.0,100.0,100.0,100.0,100.0,0.0,2021-04-20
Yolo County,0.0,100.0,100.0,100.0,100.0,0.0,2021-04-13
Yolo County,0.0,100.0,100.0,100.0,100.0,0.0,2021-04-06
Yolo County,0.0,100.0,100.0,100.0,100.0,0.0,2021-03-30
Yolo County,0.0,100.0,100.0,100.0,100.0,0.0,2021-03-23
Yolo County,0.0,100.0,100.0,100.0,100.0,0.0,2021-03-16
Yolo County,0.0,100.0,100.0,100.0,100.0,0.0,2021-03-09
Yolo County,0.0,100.0,100.0,100.0,100.0,0.0,2021-03-02
Yolo County,0.0,100.0,100.0,100.0,100.0,0.0,2021-02-23
Yolo County,0.0,100.0,100.0,100.0,100.0,0.0,2021-02-16
Yolo County,0.0,100.0,100.0,100.0,100.0,0.0,2021-02-09
Yolo County,0.0,100.0,100.0,100.0,100.0,0.0,2021-02-02
Yolo County,0.0,100.0,100.0,100.0,100.0,0.0,2021-01-26
Yolo County,0.0,100.0,100.0,100.0,100.0,0.0,2021-01-19
Yolo County,0.0,100.0,100.0,100.0,100.0,0.0,2021-01-12
Yolo County,0.0,100.0,100.0,100.0,100.0,0.0,2021-01-05
Yolo County,0.0,100.0,100.0,100.0,100.0,0.0,2020-12-29
Yolo County,0.0,100.0,100.0,100.0,100.0,0.0,2020-12-22
Yolo County,0.0,100.0,100.0,100.0,100.0,0.0,2020-12-15
Yolo County,0.0,100.0,100.0,100.0,100.0,0.0,2020-12-08
Yolo County,0.0,100.0,100.0,100.0,100.0,0.0,2020-12-01
Yolo County,0.0,100.0,100.0,100.0,100.0,0.0,2020-11-24
Yolo County,0.0,100.0,100.0,100.0,100.0,0.0,2020-11-17
Yolo County,0.0,100.0,100.0,100.0,100.0,0.0,2020-11-10
Yolo County,0.0,100.0,100.0,100.0,100.0,0.0,2020-11-03
Yolo County,0.0,100.0,100.0,100.0,100.0,0.0,2020-10-27
Yolo County,0.0,100.0,100.0,100.0,100.0,0.0,2020-10-20
Yolo County,0.0,100.0,100.0,100.0,100.0,0.0,2020-10-13
Yolo County,0.0,100.0,100.0,100.0,100.0,0.0,2020-10-06
Yolo County,0.0,100.0,100.0,100.0,100.0,0.0,2020-09-29
Yolo County,0.0,100.0,100.0,100.0,0.0,0.0,2020-09-22
Yolo County,0.0,100.0,100.0,100.0,0.0,0.0,2020-09-15
Yolo County,0.0,100.0,100.0,100.0,0.0,0.0,2020-09-08
Yolo County,0.0,100.0,100.0,100.0,0.0,0.0,2020-09-01
Yolo County,0.0,100.0,100.0,100.0,0.0,0.0,2020-08-25
Yolo County,0.0,100.0,100.0,100.0,0.0,0.0,2020-08-18
Yolo County,0.0,100.0,100.0,100.0,0.0,0.0,2020-08-11
Yolo County,0.0,100.0,100.0,100.0,0.0,0.0,2020-08-04
Yolo County,0.0,100.0,100.0,100.0,0.0,0.0,2020-07-28
Yolo County,0.0,100.0,100.0,100.0,0.0,0.0,2020-07-21
Yolo County,0.0,100.0,100.0,100.0,0.0,0.0,2020-07-14
Yolo County,0.0,100.0,100.0,100.0,0.0,0.0,2020-07-07
Yolo County,0.0,100.0,100.0,100.0,0.0,0.0,2020-06-30
Yolo County,0.0,100.0,100.0,100.0,0.0,0.0,2020-06-23
Yolo County,0.0,100.0,100.0,100.0,0.0,0.0,2020-06-16
Yolo County,0.0,100.0,100.0,100.0,0.0,0.0,2020-06-09
Yolo County,0.0,100.0,100.0,100.0,0.0,0.0,2020-06-02
Yolo County,0.0,100.0,100.0,100.0,0.0,0.0,2020-05-26
Yolo County,0.0,100.0,100.0,100.0,0.0,0.0,2020-05-19
Yolo County,0.0,100.0,100.0,100.0,0.0,0.0,2020-05-12
Yolo County,0.0,100.0,100.0,100.0,0.0,0.0,2020-05-05
Yolo County,0.0,100.0,100.0,100.0,0.0,0.0,2020-04-28
Yolo County,0.0,100.0,100.0,100.0,0.0,0.0,2020-04-21
Yolo County,0.0,100.0,100.0,0.0,0.0,0.0,2020-04-14
Yolo County,0.0,100.0,100.0,0.0,0.0,0.0,2020-04-07
Yolo County,0.0,100.0,100.0,0.0,0.0,0.0,2020-03-31
Yolo County,0.0,100.0,100.0,0.0,0.0,0.0,2020-03-24
Yolo County,0.0,100.0,56.46,0.0,0.0,0.0,2020-03-17
Yolo County,0.0,100.0,56.46,0.0,0.0,0.0,2020-03-10
Yolo County,0.0,100.0,9.2,0.0,0.0,0.0,2020-03-03
Yolo County,0.0,100.0,9.2,0.0,0.0,0.0,2020-02-25
Yolo County,0.0,100.0,0.0,0.0,0.0,0.0,2020-02-18
Yolo County,0.3,99.7,0.0,0.0,0.0,0.0,2020-02-11
Yolo County,1.13,98.87,0.0,0.0,0.0,0.0,2020-02-04
Yolo County,1.13,98.87,0.0,0.0,0.0,0.0,2020-01-28
Yolo County,100.0,0.0,0.0,0.0,0.0,0.0,2020-01-21
Yolo County,100.0,0.0,0.0,0.0,0.0,0.0,2020-01-14
Yolo County,100.0,0.0,0.0,0.0,0.0,0.0,2020-01-07
Yolo County,100.0,0.0,0.0,0.0,0.0,0.0,2019-12-31
Yolo County,100.0,0.0,0.0,0.0,0.0,0.0,2019-12-24
Yolo County,100.0,0.0,0.0,0.0,0.0,0.0,2019-12-17
Yolo County,100.0,0.0,0.0,0.0,0.0,0.0,2019-12-10
Yolo County,0.0,100.0,0.0,0.0,0.0,0.0,2019-12-03
Yolo County,0.0,100.0,0.0,0.0,0.0,0.0,2019-11-26
Yolo County,0.0,100.0,0.0,0.0,0.0,0.0,2019-11-19
Yolo County,0.0,100.0,0.0,0.0,0.0,0.0,2019-11-12
Yolo County,100.0,0.0,0.0,0.0,0.0,0.0,2019-11-05
Yolo County,100.0,0.0,0.0,0.0,0.0,0.0,2019-10-29
Yolo County,100.0,0.0,0.0,0.0,0.0,0.0,2019-10-22
Yolo County,100.0,0.0,0.0,0.0,0.0,0.0,2019-10-15
Yolo County,100.0,0.0,0.0,0.0,0.0,0.0,2019-10-08
Yolo County,100.0,0.0,0.0,0.0,0.0,0.0,2019-10-01
Yolo County,100.0,0.0,0.0,0.0,0.0,0.0,2019-09-24
Yolo County,100.0,0.0,0.0,0.0,0.0,0.0,2019-09-17
Yolo County,100.0,0.0,0.0,0.0,0.0,0.0,2019-09-10
Yolo County,100.0,0.0,0.0,0.0,0.0,0.0,2019-09-03
Yolo County,100.0,0.0,0.0,0.0,0.0,0.0,2019-08-27
Yolo County,100.0,0.0,0.0,0.0,0.0,0.0,2019-08-20
Yolo County,100.0,0.0,0.0,0.0,0.0,0.0,2019-08-13
Yolo County,100.0,0.0,0.0,0.0,0.0,0.0,2019-08-06
Yolo County,100.0,0.0,0.0,0.0,0.0,0.0,2019-07-30
Yolo County,100.0,0.0,0.0,0.0,0.0,0.0,2019-07-23
Yolo County,100.0,0.0,0.0,0.0,0.0,0.0,2019-07-16
Yolo County,100.0,0.0,0.0,0.0,0.0,0.0,2019-07-09
Yolo County,100.0,0.0,0.0,0.0,0.0,0.0,2019-07-02
Yolo County,100.0,0.0,0.0,0.0,0.0,0.0,2019-06-25
Yolo County,100.0,0.0,0.0,0.0,0.0,0.0,2019-06-18
Yolo County,100.0,0.0,0.0,0.0,0.0,0.0,2019-06-11
Yolo County,100.0,0.0,0.0,0.0,0.0,0.0,2019-06-04
Yolo County,100.0,0.0,0.0,0.0,0.0,0.0,2019-05-28
Yolo County,100.0,0.0,0.0,0.0,0.0,0.0,2019-05-21
Yolo County,100.0,0.0,0.0,0.0,0.0,0.0,2019-05-14
Yolo County,100.0,0.0,0.0,0.0,0.0,0.0,2019-05-07
Yolo County,100.0,0.0,0.0,0.0,0.0,0.0,2019-04-30
Yolo County,100.0,0.0,0.0,0.0,0.0,0.0,2019-04-23
Yolo County,100.0,0.0,0.0,0.0,0.0,0.0,2019-04-16
Yolo County,100.0,0.0,0.0,0.0,0.0,0.0,2019-04-09
Yolo County,100.0,0.0,0.0,0.0,0.0,0.0,2019-04-02
Yolo County,100.0,0.0,0.0,0.0,0.0,0.0,2019-03-26
Yolo County,100.0,0.0,0.0,0.0,0.0,0.0,2019-03-19
Yolo County,100.0,0.0,0.0,0.0,0.0,0.0,2019-03-12
Yolo County,100.0,0.0,0.0,0.0,0.0,0.0,2019-03-05
Yolo County,100.0,0.0,0.0,0.0,0.0,0.0,2019-02-26
Yolo County,100.0,0.0,0.0,0.0,0.0,0.0,2019-02-19
Yolo County,100.0,0.0,0.0,0.0,0.0,0.0,2019-02-12
Yolo County,100.0,0.0,0.0,0.0,0.0,0.0,2019-02-05
Yolo County,71.94,28.06,0.0,0.0,0.0,0.0,2019-01-29
Yolo County,0.0,100.0,31.87,0.0,0.0,0.0,2019-01-22
Yolo County,0.0,100.0,31.87,0.0,0.0,0.0,2019-01-15
Yolo County,0.0,100.0,31.87,0.0,0.0,0.0,2019-01-08
Yolo County,0.0,100.0,31.87,0.0,0.0,0.0,2019-01-01
Yolo County,0.0,100.0,31.87,0.0,0.0,0.0,2018-12-25
Yolo County,0.0,100.0,31.87,0.0,0.0,0.0,2018-12-18
Yolo County,0.0,100.0,31.87,0.0,0.0,0.0,2018-12-11
Yolo County,0.0,100.0,100.0,0.0,0.0,0.0,2018-12-04
Yolo County,0.0,100.0,100.0,0.0,0.0,0.0,2018-11-27
Yolo County,0.0,100.0,100.0,0.0,0.0,0.0,2018-11-20
Yolo County,0.0,100.0,57.36,0.0,0.0,0.0,2018-11-13
Yolo County,0.0,100.0,57.32,0.0,0.0,0.0,2018-11-06
Yolo County,6.91,93.09,56.82,0.0,0.0,0.0,2018-10-30
Yolo County,6.91,93.09,56.82,0.0,0.0,0.0,2018-10-23
Yolo County,6.91,93.09,56.82,0.0,0.0,0.0,2018-10-16
Yolo County,6.91,93.09,56.82,0.0,0.0,0.0,2018-10-09
Yolo County,6.91,93.09,56.82,0.0,0.0,0.0,2018-10-02
Yolo County,6.91,93.09,56.82,0.0,0.0,0.0,2018-09-25
Yolo County,6.91,93.09,56.82,0.0,0.0,0.0,2018-09-18
Yolo County,6.91,93.09,56.82,0.0,0.0,0.0,2018-09-11
Yolo County,6.91,93.09,56.82,0.0,0.0,0.0,2018-09-04
Yolo County,6.91,93.09,56.82,0.0,0.0,0.0,2018-08-28
Yolo County,6.91,93.09,56.82,0.0,0.0,0.0,2018-08-21
Yolo County,7.78,92.22,56.82,0.0,0.0,0.0,2018-08-14
Yolo County,7.78,92.22,56.83,0.0,0.0,0.0,2018-08-07
Yolo County,7.78,92.22,56.83,0.0,0.0,0.0,2018-07-31
Yolo County,7.25,92.75,57.78,0.0,0.0,0.0,2018-07-24
Yolo County,7.25,92.75,57.78,0.0,0.0,0.0,2018-07-17
Yolo County,7.25,92.75,57.78,0.0,0.0,0.0,2018-07-10
Yolo County,7.25,92.75,57.78,0.0,0.0,0.0,2018-07-03
Yolo County,8.57,91.43,57.78,0.0,0.0,0.0,2018-06-26
Yolo County,11.88,88.12,0.0,0.0,0.0,0.0,2018-06-19
Yolo County,11.18,88.82,0.0,0.0,0.0,0.0,2018-06-12
Yolo County,11.18,88.82,0.0,0.0,0.0,0.0,2018-06-05
Yolo County,11.18,88.82,0.0,0.0,0.0,0.0,2018-05-29
Yolo County,11.18,88.82,0.0,0.0,0.0,0.0,2018-05-22
Yolo County,11.14,88.86,0.0,0.0,0.0,0.0,2018-05-15
Yolo County,18.94,81.06,0.0,0.0,0.0,0.0,2018-05-08
Yolo County,19.18,80.82,0.0,0.0,0.0,0.0,2018-05-01
Yolo County,19.18,80.82,0.0,0.0,0.0,0.0,2018-04-24
Yolo County,19.18,80.82,0.0,0.0,0.0,0.0,2018-04-17
Yolo County,19.18,80.82,0.0,0.0,0.0,0.0,2018-04-10
Yolo County,3.86,96.14,0.0,0.0,0.0,0.0,2018-04-03
Yolo County,3.86,96.14,0.0,0.0,0.0,0.0,2018-03-27
Yolo County,0.0,100.0,0.0,0.0,0.0,0.0,2018-03-20
Yolo County,0.0,100.0,0.0,0.0,0.0,0.0,2018-03-13
Yolo County,0.0,100.0,0.0,0.0,0.0,0.0,2018-03-06
Yolo County,0.0,100.0,0.0,0.0,0.0,0.0,2018-02-27
Yolo County,0.0,100.0,0.0,0.0,0.0,0.0,2018-02-20
Yolo County,51.19,48.81,0.0,0.0,0.0,0.0,2018-02-13
Yolo County,51.59,48.41,0.0,0.0,0.0,0.0,2018-02-06
Yolo County,100.0,0.0,0.0,0.0,0.0,0.0,2018-01-30
Yolo County,100.0,0.0,0.0,0.0,0.0,0.0,2018-01-23
Yolo County,100.0,0.0,0.0,0.0,0.0,0.0,2018-01-16
Yolo County,100.0,0.0,0.0,0.0,0.0,0.0,2018-01-09
Yolo County,100.0,0.0,0.0,0.0,0.0,0.0,2018-01-02
Yolo County,100.0,0.0,0.0,0.0,0.0,0.0,2017-12-26
Yolo County,100.0,0.0,0.0,0.0,0.0,0.0,2017-12-19
Yolo County,100.0,0.0,0.0,0.0,0.0,0.0,2017-12-12
Yolo County,100.0,0.0,0.0,0.0,0.0,0.0,2017-12-05
Yolo County,100.0,0.0,0.0,0.0,0.0,0.0,2017-11-28
Yolo County,100.0,0.0,0.0,0.0,0.0,0.0,2017-11-21
Yolo County,100.0,0.0,0.0,0.0,0.0,0.0,2017-11-14
Yolo County,100.0,0.0,0.0,0.0,0.0,0.0,2017-11-07
Yolo County,100.0,0.0,0.0,0.0,0.0,0.0,2017-10-31
Yolo County,100.0,0.0,0.0,0.0,0.0,0.0,2017-10-24
Yolo County,100.0,0.0,0.0,0.0,0.0,0.0,2017-10-17
Yolo County,100.0,0.0,0.0,0.0,0.0,0.0,2017-10-10
Yolo County,100.0,0.0,0.0,0.0,0.0,0.0,2017-10-03
Yolo County,100.0,0.0,0.0,0.0,0.0,0.0,2017-09-26
Yolo County,100.0,0.0,0.0,0.0,0.0,0.0,2017-09-19
Yolo County,100.0,0.0,0.0,0.0,0.0,0.0,2017-09-12
Yolo County,100.0,0.0,0.0,0.0,0.0,0.0,2017-09-05
Yolo County,100.0,0.0,0.0,0.0,0.0,0.0,2017-08-29
Yolo County,100.0,0.0,0.0,0.0,0.0,0.0,2017-08-22
Yolo County,100.0,0.0,0.0,0.0,0.0,0.0,2017-08-15
Yolo County,100.0,0.0,0.0,0.0,0.0,0.0,2017-08-08
Yolo County,100.0,0.0,0.0,0.0,0.0,0.0,2017-08-01
Yolo County,100.0,0.0,0.0,0.0,0.0,0.0,2017-07-25
Yolo County,100.0,0.0,0.0,0.0,0.0,0.0,2017-07-18
Yolo County,100.0,0.0,0.0,0.0,0.0,0.0,2017-07-11
Yolo County,100.0,0.0,0.0,0.0,0.0,0.0,2017-07-04
Yolo County,100.0,0.0,0.0,0.0,0.0,0.0,2017-06-27
Yolo County,100.0,0.0,0.0,0.0,0.0,0.0,2017-06-20
Yolo County,100.0,0.0,0.0,0.0,0.0,0.0,2017-06-13
Yolo County,100.0,0.0,0.0,0.0,0.0,0.0,2017-06-06
Yolo County,100.0,0.0,0.0,0.0,0.0,0.0,2017-05-30
Yolo County,100.0,0.0,0.0,0.0,0.0,0.0,2017-05-23
Yolo County,100.0,0.0,0.0,0.0,0.0,0.0,2017-05-16
Yolo County,100.0,0.0,0.0,0.0,0.0,0.0,2017-05-09
Yolo County,100.0,0.0,0.0,0.0,0.0,0.0,2017-05-02
Yolo County,100.0,0.0,0.0,0.0,0.0,0.0,2017-04-25
Yolo County,100.0,0.0,0.0,0.0,0.0,0.0,2017-04-18
Yolo County,100.0,0.0,0.0,0.0,0.0,0.0,2017-04-11
Yolo County,100.0,0.0,0.0,0.0,0.0,0.0,2017-04-04
Yolo County,100.0,0.0,0.0,0.0,0.0,0.0,2017-03-28
Yolo County,100.0,0.0,0.0,0.0,0.0,0.0,2017-03-21
Yolo County,100.0,0.0,0.0,0.0,0.0,0.0,2017-03-14
Yolo County,100.0,0.0,0.0,0.0,0.0,0.0,2017-03-07
Yolo County,100.0,0.0,0.0,0.0,0.0,0.0,2017-02-28
Yolo County,100.0,0.0,0.0,0.0,0.0,0.0,2017-02-21
Yolo County,100.0,0.0,0.0,0.0,0.0,0.0,2017-02-14
Yolo County,100.0,0.0,0.0,0.0,0.0,0.0,2017-02-07
Yolo County,100.0,0.0,0.0,0.0,0.0,0.0,2017-01-31
Yolo County,100.0,0.0,0.0,0.0,0.0,0.0,2017-01-24
Yolo County,79.34,20.66,0.0,0.0,0.0,0.0,2017-01-17
Yolo County,79.34,20.66,0.0,0.0,0.0,0.0,2017-01-10
Yolo County,0.0,100.0,98.7,20.64,0.0,0.0,2017-01-03
Yolo County,0.0,100.0,98.7,20.64,0.0,0.0,2016-12-27
Yolo County,0.0,100.0,98.7,20.64,0.0,0.0,2016-12-20
Yolo County,0.0,100.0,100.0,81.76,0.0,0.0,2016-12-13
Yolo County,0.0,100.0,100.0,81.76,0.0,0.0,2016-12-06
Yolo County,0.0,100.0,100.0,81.76,0.0,0.0,2016-11-29
Yolo County,0.0,100.0,100.0,81.76,0.0,0.0,2016-11-22
Yolo County,0.0,100.0,100.0,81.76,0.0,0.0,2016-11-15
Yolo County,0.0,100.0,100.0,81.76,0.0,0.0,2016-11-08
Yolo County,0.0,100.0,100.0,81.76,0.0,0.0,2016-11-01
Yolo County,0.0,100.0,100.0,81.76,0.0,0.0,2016-10-25
Yolo County,0.0,100.0,100.0,81.76,0.0,0.0,2016-10-18
Yolo County,0.0,100.0,100.0,81.76,0.0,0.0,2016-10-11
Yolo County,0.0,100.0,100.0,81.76,0.0,0.0,2016-10-04
Yolo County,0.0,100.0,100.0,81.76,0.0,0.0,2016-09-27
Yolo County,0.0,100.0,100.0,81.76,0.0,0.0,2016-09-20
Yolo County,0.0,100.0,100.0,81.76,0.0,0.0,2016-09-13
Yolo County,0.0,100.0,100.0,81.76,0.0,0.0,2016-09-06
Yolo County,0.0,100.0,100.0,81.76,0.0,0.0,2016-08-30
Yolo County,0.0,100.0,100.0,81.76,0.0,0.0,2016-08-23
Yolo County,0.0,100.0,100.0,81.76,0.0,0.0,2016-08-16
Yolo County,0.0,100.0,100.0,81.76,0.0,0.0,2016-08-09
Yolo County,0.0,100.0,100.0,81.76,0.0,0.0,2016-08-02
Yolo County,0.0,100.0,100.0,81.76,0.0,0.0,2016-07-26
Yolo County,0.0,100.0,100.0,81.76,0.0,0.0,2016-07-19
Yolo County,0.0,100.0,100.0,81.76,0.0,0.0,2016-07-12
Yolo County,0.0,100.0,100.0,81.76,0.0,0.0,2016-07-05
Yolo County,0.0,100.0,100.0,81.76,0.0,0.0,2016-06-28
Yolo County,0.0,100.0,100.0,81.76,0.0,0.0,2016-06-21
Yolo County,0.0,100.0,100.0,81.76,0.0,0.0,2016-06-14
Yolo County,0.0,100.0,100.0,81.76,0.0,0.0,2016-06-07
Yolo County,0.0,100.0,100.0,81.76,0.0,0.0,2016-05-31
Yolo County,0.0,100.0,100.0,81.76,0.0,0.0,2016-05-24
Yolo County,0.0,100.0,100.0,81.76,0.0,0.0,2016-05-17
Yolo County,0.0,100.0,100.0,100.0,80.99,0.0,2016-05-10
Yolo County,0.0,100.0,100.0,100.0,80.99,0.0,2016-05-03
Yolo County,0.0,100.0,100.0,100.0,80.99,0.0,2016-04-26
Yolo County,0.0,100.0,100.0,100.0,80.99,0.0,2016-04-19
Yolo County,0.0,100.0,100.0,100.0,90.07,0.0,2016-04-12
Yolo County,0.0,100.0,100.0,100.0,90.07,0.0,2016-04-05
Yolo County,0.0,100.0,100.0,100.0,90.07,66.07,2016-03-29
Yolo County,0.0,100.0,100.0,100.0,90.07,66.07,2016-03-22
Yolo County,0.0,100.0,100.0,100.0,90.07,66.07,2016-03-15
Yolo County,0.0,100.0,100.0,100.0,99.98,89.62,2016-03-08
Yolo County,0.0,100.0,100.0,100.0,99.98,89.62,2016-03-01
Yolo County,0.0,100.0,100.0,100.0,99.98,89.62,2016-02-23
Yolo County,0.0,100.0,100.0,100.0,99.98,89.62,2016-02-16
Yolo County,0.0,100.0,100.0,100.0,99.98,89.62,2016-02-09
Yolo County,0.0,100.0,100.0,100.0,99.98,89.62,2016-02-02
Yolo County,0.0,100.0,100.0,100.0,99.98,89.71,2016-01-26
Yolo County,0.0,100.0,100.0,100.0,100.0,90.45,2016-01-19
Yolo County,0.0,100.0,100.0,100.0,100.0,90.45,2016-01-12
Yolo County,0.0,100.0,100.0,100.0,100.0,90.45,2016-01-05
Yolo County,0.0,100.0,100.0,100.0,100.0,90.45,2015-12-29
Yolo County,0.0,100.0,100.0,100.0,100.0,90.45,2015-12-22
Yolo County,0.0,100.0,100.0,100.0,100.0,90.45,2015-12-15
Yolo County,0.0,100.0,100.0,100.0,100.0,90.45,2015-12-08
Yolo County,0.0,100.0,100.0,100.0,100.0,90.45,2015-12-01
Yolo County,0.0,100.0,100.0,100.0,100.0,90.45,2015-11-24
Yolo County,0.0,100.0,100.0,100.0,100.0,90.45,2015-11-17
Yolo County,0.0,100.0,100.0,100.0,100.0,90.45,2015-11-10
Yolo County,0.0,100.0,100.0,100.0,100.0,90.45,2015-11-03
Yolo County,0.0,100.0,100.0,100.0,100.0,90.45,2015-10-27
Yolo County,0.0,100.0,100.0,100.0,100.0,90.45,2015-10-20
Yolo County,0.0,100.0,100.0,100.0,100.0,90.45,2015-10-13
Yolo County,0.0,100.0,100.0,100.0,100.0,90.45,2015-10-06
Yolo County,0.0,100.0,100.0,100.0,100.0,90.45,2015-09-29
Yolo County,0.0,100.0,100.0,100.0,100.0,90.45,2015-09-22
Yolo County,0.0,100.0,100.0,100.0,100.0,90.45,2015-09-15
Yolo County,0.0,100.0,100.0,100.0,100.0,90.45,2015-09-08
Yolo County,0.0,100.0,100.0,100.0,100.0,90.45,2015-09-01
Yolo County,0.0,100.0,100.0,100.0,100.0,90.45,2015-08-25
Yolo County,0.0,100.0,100.0,100.0,100.0,90.45,2015-08-18
Yolo County,0.0,100.0,100.0,100.0,100.0,90.45,2015-08-11
Yolo County,0.0,100.0,100.0,100.0,100.0,90.45,2015-08-04
Yolo County,0.0,100.0,100.0,100.0,100.0,90.45,2015-07-28
Yolo County,0.0,100.0,100.0,100.0,100.0,90.45,2015-07-21
Yolo County,0.0,100.0,100.0,100.0,100.0,90.45,2015-07-14
Yolo County,0.0,100.0,100.0,100.0,100.0,90.45,2015-07-07
Yolo County,0.0,100.0,100.0,100.0,100.0,90.45,2015-06-30
Yolo County,0.0,100.0,100.0,100.0,100.0,90.45,2015-06-23
Yolo County,0.0,100.0,100.0,100.0,100.0,90.45,2015-06-16
Yolo County,0.0,100.0,100.0,100.0,100.0,90.45,2015-06-09
Yolo County,0.0,100.0,100.0,100.0,100.0,90.45,2015-06-02
Yolo County,0.0,100.0,100.0,100.0,100.0,90.45,2015-05-26
Yolo County,0.0,100.0,100.0,100.0,100.0,90.45,2015-05-19
Yolo County,0.0,100.0,100.0,100.0,100.0,90.45,2015-05-12
Yolo County,0.0,100.0,100.0,100.0,100.0,90.45,2015-05-05
Yolo County,0.0,100.0,100.0,100.0,100.0,90.45,2015-04-28
Yolo County,0.0,100.0,100.0,100.0,100.0,90.45,2015-04-21
Yolo County,0.0,100.0,100.0,100.0,100.0,90.45,2015-04-14
Yolo County,0.0,100.0,100.0,100.0,100.0,90.45,2015-04-07
Yolo County,0.0,100.0,100.0,100.0,100.0,90.45,2015-03-31
Yolo County,0.0,100.0,100.0,100.0,100.0,90.45,2015-03-24
Yolo County,0.0,100.0,100.0,100.0,100.0,90.45,2015-03-17
Yolo County,0.0,100.0,100.0,100.0,100.0,90.45,2015-03-10
Yolo County,0.0,100.0,100.0,100.0,100.0,90.45,2015-03-03
Yolo County,0.0,100.0,100.0,100.0,100.0,90.45,2015-02-24
Yolo County,0.0,100.0,100.0,100.0,100.0,90.45,2015-02-17
Yolo County,0.0,100.0,100.0,100.0,100.0,90.45,2015-02-10
Yolo County,0.0,100.0,100.0,100.0,100.0,90.45,2015-02-03
Yolo County,0.0,100.0,100.0,100.0,100.0,90.45,2015-01-27
Yolo County,0.0,100.0,100.0,100.0,100.0,90.45,2015-01-20
Yolo County,0.0,100.0,100.0,100.0,100.0,90.45,2015-01-13
Yolo County,0.0,100.0,100.0,100.0,100.0,0.0,2015-01-06
Yolo County,0.0,100.0,100.0,100.0,100.0,0.0,2014-12-30
Yolo County,0.0,100.0,100.0,100.0,100.0,0.0,2014-12-23
Yolo County,0.0,100.0,100.0,100.0,100.0,0.0,2014-12-16
Yolo County,0.0,100.0,100.0,100.0,100.0,100.0,2014-12-09
Yolo County,0.0,100.0,100.0,100.0,100.0,100.0,2014-12-02
Yolo County,0.0,100.0,100.0,100.0,100.0,100.0,2014-11-25
Yolo County,0.0,100.0,100.0,100.0,100.0,100.0,2014-11-18
Yolo County,0.0,100.0,100.0,100.0,100.0,100.0,2014-11-11
Yolo County,0.0,100.0,100.0,100.0,100.0,100.0,2014-11-04
Yolo County,0.0,100.0,100.0,100.0,100.0,100.0,2014-10-28
Yolo County,0.0,100.0,100.0,100.0,100.0,100.0,2014-10-21
Yolo County,0.0,100.0,100.0,100.0,100.0,100.0,2014-10-14
Yolo County,0.0,100.0,100.0,100.0,100.0,100.0,2014-10-07
Yolo County,0.0,100.0,100.0,100.0,100.0,100.0,2014-09-30
Yolo County,0.0,100.0,100.0,100.0,100.0,100.0,2014-09-23
Yolo County,0.0,100.0,100.0,100.0,100.0,100.0,2014-09-16
Yolo County,0.0,100.0,100.0,100.0,100.0,100.0,2014-09-09
Yolo County,0.0,100.0,100.0,100.0,100.0,100.0,2014-09-02
Yolo County,0.0,100.0,100.0,100.0,100.0,100.0,2014-08-26
Yolo County,0.0,100.0,100.0,100.0,100.0,100.0,2014-08-19
Yolo County,0.0,100.0,100.0,100.0,100.0,100.0,2014-08-12
Yolo County,0.0,100.0,100.0,100.0,100.0,100.0,2014-08-05
Yolo County,0.0,100.0,100.0,100.0,100.0,100.0,2014-07-29
Yolo County,0.0,100.0,100.0,100.0,100.0,0.0,2014-07-22
Yolo County,0.0,100.0,100.0,100.0,100.0,0.0,2014-07-15
Yolo County,0.0,100.0,100.0,100.0,100.0,0.0,2014-07-08
Yolo County,0.0,100.0,100.0,100.0,100.0,0.0,2014-07-01
Yolo County,0.0,100.0,100.0,100.0,100.0,0.0,2014-06-24
Yolo County,0.0,100.0,100.0,100.0,100.0,0.0,2014-06-17
Yolo County,0.0,100.0,100.0,100.0,100.0,0.0,2014-06-10
Yolo County,0.0,100.0,100.0,100.0,100.0,0.0,2014-06-03
Yolo County,0.0,100.0,100.0,100.0,100.0,0.0,2014-05-27
Yolo County,0.0,100.0,100.0,100.0,100.0,0.0,2014-05-20
Yolo County,0.0,100.0,100.0,100.0,100.0,0.0,2014-05-13
Yolo County,0.0,100.0,100.0,100.0,100.0,0.0,2014-05-06
Yolo County,0.0,100.0,100.0,100.0,100.0,0.0,2014-04-29
Yolo County,0.0,100.0,100.0,100.0,100.0,0.0,2014-04-22
Yolo County,0.0,100.0,100.0,100.0,100.0,0.0,2014-04-15
Yolo County,0.0,100.0,100.0,100.0,100.0,0.0,2014-04-08
Yolo County,0.0,100.0,100.0,100.0,100.0,0.0,2014-04-01
Yolo County,0.0,100.0,100.0,100.0,100.0,0.0,2014-03-25
Yolo County,0.0,100.0,100.0,100.0,100.0,0.0,2014-03-18
Yolo County,0.0,100.0,100.0,100.0,100.0,0.0,2014-03-11
Yolo County,0.0,100.0,100.0,100.0,100.0,0.0,2014-03-04
Yolo County,0.0,100.0,100.0,100.0,100.0,0.0,2014-02-25
Yolo County,0.0,100.0,100.0,100.0,100.0,0.0,2014-02-18
Yolo County,0.0,100.0,100.0,100.0,100.0,0.0,2014-02-11
Yolo County,0.0,100.0,100.0,100.0,100.0,0.0,2014-02-04
Yolo County,0.0,100.0,100.0,100.0,100.0,0.0,2014-01-28
Yolo County,0.0,100.0,100.0,100.0,100.0,0.0,2014-01-21
Yolo County,0.0,100.0,100.0,100.0,100.0,0.0,2014-01-14
Yolo County,0.0,100.0,100.0,100.0,0.0,0.0,2014-01-07
Yolo County,0.0,100.0,100.0,100.0,0.0,0.0,2013-12-31
Yolo County,0.0,100.0,100.0,100.0,0.0,0.0,2013-12-24
Yolo County,0.0,100.0,100.0,100.0,0.0,0.0,2013-12-17
Yolo County,0.0,100.0,100.0,100.0,0.0,0.0,2013-12-10
Yolo County,0.0,100.0,100.0,100.0,0.0,0.0,2013-12-03
Yolo County,0.0,100.0,100.0,100.0,0.0,0.0,2013-11-26
Yolo County,0.0,100.0,100.0,100.0,0.0,0.0,2013-11-19
Yolo County,0.0,100.0,100.0,100.0,0.0,0.0,2013-11-12
Yolo County,0.0,100.0,100.0,100.0,0.0,0.0,2013-11-05
Yolo County,0.0,100.0,100.0,100.0,0.0,0.0,2013-10-29
Yolo County,0.0,100.0,100.0,100.0,0.0,0.0,2013-10-22
Yolo County,0.0,100.0,100.0,100.0,0.0,0.0,2013-10-15
Yolo County,0.0,100.0,100.0,100.0,0.0,0.0,2013-10-08
Yolo County,0.0,100.0,100.0,100.0,0.0,0.0,2013-10-01
Yolo County,0.0,100.0,100.0,100.0,0.0,0.0,2013-09-24
Yolo County,0.0,100.0,100.0,100.0,0.0,0.0,2013-09-17
Yolo County,0.0,100.0,100.0,100.0,0.0,0.0,2013-09-10
Yolo County,0.0,100.0,100.0,100.0,0.0,0.0,2013-09-03
Yolo County,0.0,100.0,100.0,100.0,0.0,0.0,2013-08-27
Yolo County,0.0,100.0,100.0,100.0,0.0,0.0,2013-08-20
Yolo County,0.0,100.0,100.0,100.0,0.0,0.0,2013-08-13
Yolo County,0.0,100.0,100.0,100.0,0.0,0.0,2013-08-06
Yolo County,0.0,100.0,100.0,100.0,0.0,0.0,2013-07-30
Yolo County,0.0,100.0,100.0,100.0,0.0,0.0,2013-07-23
Yolo County,0.0,100.0,100.0,100.0,0.0,0.0,2013-07-16
Yolo County,0.0,100.0,100.0,100.0,0.0,0.0,2013-07-09
Yolo County,0.0,100.0,100.0,100.0,0.0,0.0,2013-07-02
Yolo County,0.0,100.0,100.0,100.0,0.0,0.0,2013-06-25
Yolo County,0.0,100.0,100.0,0.0,0.0,0.0,2013-06-18
Yolo County,0.0,100.0,100.0,0.0,0.0,0.0,2013-06-11
Yolo County,0.0,100.0,100.0,0.0,0.0,0.0,2013-06-04
Yolo County,0.0,100.0,100.0,0.0,0.0,0.0,2013-05-28
Yolo County,0.0,100.0,100.0,0.0,0.0,0.0,2013-05-21
Yolo County,0.0,100.0,100.0,0.0,0.0,0.0,2013-05-14
Yolo County,0.0,100.0,100.0,0.0,0.0,0.0,2013-05-07
Yolo County,0.0,100.0,0.0,0.0,0.0,0.0,2013-04-30
Yolo County,0.0,100.0,0.0,0.0,0.0,0.0,2013-04-23
Yolo County,0.0,100.0,0.0,0.0,0.0,0.0,2013-04-16
Yolo County,0.0,100.0,0.0,0.0,0.0,0.0,2013-04-09
Yolo County,0.0,100.0,0.0,0.0,0.0,0.0,2013-04-02
Yolo County,0.0,100.0,0.0,0.0,0.0,0.0,2013-03-26
Yolo County,0.0,100.0,0.0,0.0,0.0,0.0,2013-03-19
Yolo County,0.0,100.0,0.0,0.0,0.0,0.0,2013-03-12
Yolo County,0.0,100.0,0.0,0.0,0.0,0.0,2013-03-05
Yolo County,0.0,100.0,0.0,0.0,0.0,0.0,2013-02-26
Yolo County,27.22,72.78,0.0,0.0,0.0,0.0,2013-02-19
Yolo County,100.0,0.0,0.0,0.0,0.0,0.0,2013-02-12
Yolo County,100.0,0.0,0.0,0.0,0.0,0.0,2013-02-05
Yolo County,100.0,0.0,0.0,0.0,0.0,0.0,2013-01-29
Yolo County,100.0,0.0,0.0,0.0,0.0,0.0,2013-01-22
Yolo County,100.0,0.0,0.0,0.0,0.0,0.0,2013-01-15
Yolo County,100.0,0.0,0.0,0.0,0.0,0.0,2013-01-08
Yolo County,100.0,0.0,0.0,0.0,0.0,0.0,2013-01-01
Yolo County,100.0,0.0,0.0,0.0,0.0,0.0,2012-12-25
Yolo County,100.0,0.0,0.0,0.0,0.0,0.0,2012-12-18
Yolo County,100.0,0.0,0.0,0.0,0.0,0.0,2012-12-11
Yolo County,24.78,75.22,0.0,0.0,0.0,0.0,2012-12-04
Yolo County,0.0,100.0,75.36,0.0,0.0,0.0,2012-11-27
Yolo County,0.0,100.0,75.36,0.0,0.0,0.0,2012-11-20
Yolo County,0.0,100.0,75.36,0.0,0.0,0.0,2012-11-13
Yolo County,0.0,100.0,75.36,0.0,0.0,0.0,2012-11-06
Yolo County,0.0,100.0,75.36,0.0,0.0,0.0,2012-10-30
Yolo County,0.0,100.0,75.36,0.0,0.0,0.0,2012-10-23
Yolo County,0.0,100.0,75.36,0.0,0.0,0.0,2012-10-16
Yolo County,0.0,100.0,77.4,0.0,0.0,0.0,2012-10-09
Yolo County,0.0,100.0,74.3,0.0,0.0,0.0,2012-10-02
Yolo County,0.0,100.0,74.3,0.0,0.0,0.0,2012-09-25
Yolo County,0.0,100.0,74.3,0.0,0.0,0.0,2012-09-18
Yolo County,0.0,100.0,75.02,0.0,0.0,0.0,2012-09-11
Yolo County,0.0,100.0,76.57,0.0,0.0,0.0,2012-09-04
Yolo County,0.0,100.0,78.05,0.0,0.0,0.0,2012-08-28
Yolo County,0.0,100.0,75.52,0.0,0.0,0.0,2012-08-21
Yolo County,0.0,100.0,75.52,0.0,0.0,0.0,2012-08-14
Yolo County,0.0,100.0,75.23,0.0,0.0,0.0,2012-08-07
Yolo County,0.0,100.0,75.23,0.0,0.0,0.0,2012-07-31
Yolo County,0.0,100.0,75.23,0.0,0.0,0.0,2012-07-24
Yolo County,0.0,100.0,75.23,0.0,0.0,0.0,2012-07-17
Yolo County,0.0,100.0,75.23,0.0,0.0,0.0,2012-07-10
Yolo County,0.0,100.0,75.52,0.0,0.0,0.0,2012-07-03
Yolo County,0.0,100.0,76.82,0.0,0.0,0.0,2012-06-26
Yolo County,0.0,100.0,76.82,0.0,0.0,0.0,2012-06-19
Yolo County,0.0,100.0,77.49,0.0,0.0,0.0,2012-06-12
Yolo County,0.0,100.0,77.49,0.0,0.0,0.0,2012-06-05
Yolo County,0.0,100.0,77.49,0.0,0.0,0.0,2012-05-29
Yolo County,0.0,100.0,77.49,0.0,0.0,0.0,2012-05-22
Yolo County,0.0,100.0,77.49,0.0,0.0,0.0,2012-05-15
Yolo County,0.0,100.0,77.49,0.0,0.0,0.0,2012-05-08
Yolo County,0.0,100.0,78.29,0.0,0.0,0.0,2012-05-01
Yolo County,0.0,100.0,78.29,0.0,0.0,0.0,2012-04-24
Yolo County,0.0,100.0,78.29,43.87,0.0,0.0,2012-04-17
Yolo County,0.0,100.0,100.0,77.63,0.0,0.0,2012-04-10
Yolo County,0.0,100.0,100.0,77.63,0.0,0.0,2012-04-03
Yolo County,0.0,100.0,100.0,77.63,0.0,0.0,2012-03-27
Yolo County,0.0,100.0,100.0,77.63,0.0,0.0,2012-03-20
Yolo County,0.0,100.0,100.0,100.0,0.0,0.0,2012-03-13
Yolo County,0.0,100.0,100.0,0.0,0.0,0.0,2012-03-06
Yolo County,0.0,100.0,100.0,0.0,0.0,0.0,2012-02-28
Yolo County,0.0,100.0,100.0,0.0,0.0,0.0,2012-02-21
Yolo County,0.0,100.0,100.0,0.0,0.0,0.0,2012-02-14
Yolo County,0.0,100.0,100.0,0.0,0.0,0.0,2012-02-07
Yolo County,0.0,100.0,100.0,0.0,0.0,0.0,2012-01-31
Yolo County,0.0,100.0,100.0,0.0,0.0,0.0,2012-01-24
Yolo County,0.0,100.0,100.0,0.0,0.0,0.0,2012-01-17
Yolo County,0.0,100.0,100.0,0.0,0.0,0.0,2012-01-10
Yolo County,0.0,100.0,100.0,0.0,0.0,0.0,2012-01-03
Yolo County,0.0,100.0,0.0,0.0,0.0,0.0,2011-12-27
Yolo County,100.0,0.0,0.0,0.0,0.0,0.0,2011-12-20
Yolo County,100.0,0.0,0.0,0.0,0.0,0.0,2011-12-13
Yolo County,100.0,0.0,0.0,0.0,0.0,0.0,2011-12-06
Yolo County,100.0,0.0,0.0,0.0,0.0,0.0,2011-11-29
Yolo County,100.0,0.0,0.0,0.0,0.0,0.0,2011-11-22
Yolo County,100.0,0.0,0.0,0.0,0.0,0.0,2011-11-15
Yolo County,100.0,0.0,0.0,0.0,0.0,0.0,2011-11-08
Yolo County,100.0,0.0,0.0,0.0,0.0,0.0,2011-11-01
Yolo County,100.0,0.0,0.0,0.0,0.0,0.0,2011-10-25
Yolo County,100.0,0.0,0.0,0.0,0.0,0.0,2011-10-18
Yolo County,100.0,0.0,0.0,0.0,0.0,0.0,2011-10-11
Yolo County,100.0,0.0,0.0,0.0,0.0,0.0,2011-10-04
Yolo County,100.0,0.0,0.0,0.0,0.0,0.0,2011-09-27
Yolo County,100.0,0.0,0.0,0.0,0.0,0.0,2011-09-20
Yolo County,100.0,0.0,0.0,0.0,0.0,0.0,2011-09-13
Yolo County,100.0,0.0,0.0,0.0,0.0,0.0,2011-09-06
Yolo County,100.0,0.0,0.0,0.0,0.0,0.0,2011-08-30
Yolo County,100.0,0.0,0.0,0.0,0.0,0.0,2011-08-23
Yolo County,100.0,0.0,0.0,0.0,0.0,0.0,2011-08-16
Yolo County,100.0,0.0,0.0,0.0,0.0,0.0,2011-08-09
Yolo County,100.0,0.0,0.0,0.0,0.0,0.0,2011-08-02
Yolo County,100.0,0.0,0.0,0.0,0.0,0.0,2011-07-26
Yolo County,100.0,0.0,0.0,0.0,0.0,0.0,2011-07-19
Yolo County,100.0,0.0,0.0,0.0,0.0,0.0,2011-07-12
Yolo County,100.0,0.0,0.0,0.0,0.0,0.0,2011-07-05
Yolo County,100.0,0.0,0.0,0.0,0.0,0.0,2011-06-28
Yolo County,100.0,0.0,0.0,0.0,0.0,0.0,2011-06-21
Yolo County,100.0,0.0,0.0,0.0,0.0,0.0,2011-06-14
Yolo County,100.0,0.0,0.0,0.0,0.0,0.0,2011-06-07
Yolo County,100.0,0.0,0.0,0.0,0.0,0.0,2011-05-31
Yolo County,100.0,0.0,0.0,0.0,0.0,0.0,2011-05-24
Yolo County,100.0,0.0,0.0,0.0,0.0,0.0,2011-05-17
Yolo County,100.0,0.0,0.0,0.0,0.0,0.0,2011-05-10
Yolo County,100.0,0.0,0.0,0.0,0.0,0.0,2011-05-03
Yolo County,100.0,0.0,0.0,0.0,0.0,0.0,2011-04-26
Yolo County,100.0,0.0,0.0,0.0,0.0,0.0,2011-04-19
Yolo County,100.0,0.0,0.0,0.0,0.0,0.0,2011-04-12
Yolo County,100.0,0.0,0.0,0.0,0.0,0.0,2011-04-05
Yolo County,100.0,0.0,0.0,0.0,0.0,0.0,2011-03-29
Yolo County,100.0,0.0,0.0,0.0,0.0,0.0,2011-03-22
Yolo County,100.0,0.0,0.0,0.0,0.0,0.0,2011-03-15
Yolo County,100.0,0.0,0.0,0.0,0.0,0.0,2011-03-08
Yolo County,100.0,0.0,0.0,0.0,0.0,0.0,2011-03-01
Yolo County,100.0,0.0,0.0,0.0,0.0,0.0,2011-02-22
Yolo County,61.2,38.8,0.0,0.0,0.0,0.0,2011-02-15
Yolo County,61.2,38.8,0.0,0.0,0.0,0.0,2011-02-08
Yolo County,100.0,0.0,0.0,0.0,0.0,0.0,2011-02-01
Yolo County,100.0,0.0,0.0,0.0,0.0,0.0,2011-01-25
Yolo County,100.0,0.0,0.0,0.0,0.0,0.0,2011-01-18
Yolo County,100.0,0.0,0.0,0.0,0.0,0.0,2011-01-11
Yolo County,100.0,0.0,0.0,0.0,0.0,0.0,2011-01-04
Yolo County,100.0,0.0,0.0,0.0,0.0,0.0,2010-12-28
Yolo County,100.0,0.0,0.0,0.0,0.0,0.0,2010-12-21
Yolo County,100.0,0.0,0.0,0.0,0.0,0.0,2010-12-14
Yolo County,100.0,0.0,0.0,0.0,0.0,0.0,2010-12-07
Yolo County,100.0,0.0,0.0,0.0,0.0,0.0,2010-11-30
Yolo County,100.0,0.0,0.0,0.0,0.0,0.0,2010-11-23
Yolo County,100.0,0.0,0.0,0.0,0.0,0.0,2010-11-16
Yolo County,100.0,0.0,0.0,0.0,0.0,0.0,2010-11-09
Yolo County,100.0,0.0,0.0,0.0,0.0,0.0,2010-11-02
Yolo County,100.0,0.0,0.0,0.0,0.0,0.0,2010-10-26
Yolo County,100.0,0.0,0.0,0.0,0.0,0.0,2010-10-19
Yolo County,100.0,0.0,0.0,0.0,0.0,0.0,2010-10-12
Yolo County,100.0,0.0,0.0,0.0,0.0,0.0,2010-10-05
Yolo County,100.0,0.0,0.0,0.0,0.0,0.0,2010-09-28
Yolo County,100.0,0.0,0.0,0.0,0.0,0.0,2010-09-21
Yolo County,100.0,0.0,0.0,0.0,0.0,0.0,2010-09-14
Yolo County,100.0,0.0,0.0,0.0,0.0,0.0,2010-09-07
Yolo County,100.0,0.0,0.0,0.0,0.0,0.0,2010-08-31
Yolo County,100.0,0.0,0.0,0.0,0.0,0.0,2010-08-24
Yolo County,100.0,0.0,0.0,0.0,0.0,0.0,2010-08-17
Yolo County,100.0,0.0,0.0,0.0,0.0,0.0,2010-08-10
Yolo County,100.0,0.0,0.0,0.0,0.0,0.0,2010-08-03
Yolo County,100.0,0.0,0.0,0.0,0.0,0.0,2010-07-27
Yolo County,100.0,0.0,0.0,0.0,0.0,0.0,2010-07-20
Yolo County,100.0,0.0,0.0,0.0,0.0,0.0,2010-07-13
Yolo County,100.0,0.0,0.0,0.0,0.0,0.0,2010-07-06
Yolo County,100.0,0.0,0.0,0.0,0.0,0.0,2010-06-29
Yolo County,100.0,0.0,0.0,0.0,0.0,0.0,2010-06-22
Yolo County,100.0,0.0,0.0,0.0,0.0,0.0,2010-06-15
Yolo County,100.0,0.0,0.0,0.0,0.0,0.0,2010-06-08
Yolo County,100.0,0.0,0.0,0.0,0.0,0.0,2010-06-01
Yolo County,100.0,0.0,0.0,0.0,0.0,0.0,2010-05-25
Yolo County,66.16,33.84,0.0,0.0,0.0,0.0,2010-05-18
Yolo County,66.53,33.47,0.0,0.0,0.0,0.0,2010-05-11
Yolo County,66.16,33.84,0.0,0.0,0.0,0.0,2010-05-04
Yolo County,66.16,33.84,0.0,0.0,0.0,0.0,2010-04-27
Yolo County,61.0,39.0,0.0,0.0,0.0,0.0,2010-04-20
Yolo County,56.99,43.01,0.0,0.0,0.0,0.0,2010-04-13
Yolo County,50.07,49.93,0.0,0.0,0.0,0.0,2010-04-06
Yolo County,50.07,49.93,0.0,0.0,0.0,0.0,2010-03-30
Yolo County,50.07,49.93,0.0,0.0,0.0,0.0,2010-03-23
Yolo County,50.15,49.85,0.0,0.0,0.0,0.0,2010-03-16
Yolo County,50.15,49.85,0.0,0.0,0.0,0.0,2010-03-09
Yolo County,0.0,100.0,0.0,0.0,0.0,0.0,2010-03-02
Yolo County,0.0,100.0,0.0,0.0,0.0,0.0,2010-02-23
Yolo County,0.0,100.0,0.0,0.0,0.0,0.0,2010-02-16
Yolo County,0.0,100.0,0.0,0.0,0.0,0.0,2010-02-09
Yolo County,0.0,100.0,0.0,0.0,0.0,0.0,2010-02-02
Yolo County,0.0,100.0,0.0,0.0,0.0,0.0,2010-01-26
Yolo County,0.0,100.0,100.0,0.0,0.0,0.0,2010-01-19
Yolo County,0.0,100.0,100.0,0.0,0.0,0.0,2010-01-12
Yolo County,0.0,100.0,100.0,0.0,0.0,0.0,2010-01-05
Yolo County,0.0,100.0,100.0,0.0,0.0,0.0,2009-12-29
Yolo County,0.0,100.0,100.0,0.0,0.0,0.0,2009-12-22
Yolo County,0.0,100.0,100.0,0.0,0.0,0.0,2009-12-15
Yolo County,0.0,100.0,100.0,0.0,0.0,0.0,2009-12-08
Yolo County,0.0,100.0,100.0,0.0,0.0,0.0,2009-12-01
Yolo County,0.0,100.0,100.0,0.0,0.0,0.0,2009-11-24
Yolo County,0.0,100.0,100.0,0.0,0.0,0.0,2009-11-17
Yolo County,0.0,100.0,100.0,0.0,0.0,0.0,2009-11-10
Yolo County,0.0,100.0,100.0,0.0,0.0,0.0,2009-11-03
Yolo County,0.0,100.0,100.0,0.0,0.0,0.0,2009-10-27
Yolo County,0.0,100.0,100.0,0.0,0.0,0.0,2009-10-20
Yolo County,0.0,100.0,100.0,100.0,0.0,0.0,2009-10-13
Yolo County,0.0,100.0,100.0,100.0,0.0,0.0,2009-10-06
Yolo County,0.0,100.0,100.0,100.0,0.0,0.0,2009-09-29
Yolo County,0.0,100.0,100.0,100.0,0.0,0.0,2009-09-22
Yolo County,0.0,100.0,100.0,100.0,0.0,0.0,2009-09-15
Yolo County,0.0,100.0,100.0,100.0,0.0,0.0,2009-09-08
Yolo County,0.0,100.0,100.0,100.0,0.0,0.0,2009-09-01
Yolo County,0.0,100.0,100.0,100.0,0.0,0.0,2009-08-25
Yolo County,0.0,100.0,100.0,100.0,0.0,0.0,2009-08-18
Yolo County,0.0,100.0,100.0,100.0,0.0,0.0,2009-08-11
Yolo County,0.0,100.0,100.0,100.0,0.0,0.0,2009-08-04
Yolo County,0.0,100.0,100.0,100.0,0.0,0.0,2009-07-28
Yolo County,0.0,100.0,100.0,100.0,0.0,0.0,2009-07-21
Yolo County,0.0,100.0,100.0,100.0,0.0,0.0,2009-07-14
Yolo County,0.0,100.0,100.0,100.0,0.0,0.0,2009-07-07
Yolo County,0.0,100.0,100.0,100.0,0.0,0.0,2009-06-30
Yolo County,0.0,100.0,100.0,100.0,0.0,0.0,2009-06-23
Yolo County,0.0,100.0,100.0,100.0,0.0,0.0,2009-06-16
Yolo County,0.0,100.0,100.0,100.0,0.0,0.0,2009-06-09
Yolo County,0.0,100.0,100.0,100.0,0.0,0.0,2009-06-02
Yolo County,0.0,100.0,100.0,100.0,0.0,0.0,2009-05-26
Yolo County,0.0,100.0,100.0,100.0,0.0,0.0,2009-05-19
Yolo County,0.0,100.0,100.0,100.0,0.0,0.0,2009-05-12
Yolo County,0.0,100.0,100.0,100.0,0.0,0.0,2009-05-05
Yolo County,0.0,100.0,100.0,100.0,0.0,0.0,2009-04-28
Yolo County,0.0,100.0,100.0,100.0,0.0,0.0,2009-04-21
Yolo County,0.0,100.0,100.0,100.0,0.0,0.0,2009-04-14
Yolo County,0.0,100.0,100.0,100.0,0.0,0.0,2009-04-07
Yolo County,0.0,100.0,100.0,0.0,0.0,0.0,2009-03-31
Yolo County,0.0,100.0,100.0,0.0,0.0,0.0,2009-03-24
Yolo County,0.0,100.0,100.0,0.0,0.0,0.0,2009-03-17
Yolo County,0.0,100.0,100.0,0.0,0.0,0.0,2009-03-10
Yolo County,0.0,100.0,100.0,100.0,0.0,0.0,2009-03-03
Yolo County,0.0,100.0,100.0,100.0,90.94,0.0,2009-02-24
Yolo County,0.0,100.0,100.0,100.0,90.94,0.0,2009-02-17
Yolo County,0.0,100.0,100.0,100.0,91.08,0.0,2009-02-10
Yolo County,0.0,100.0,100.0,100.0,91.33,0.0,2009-02-03
Yolo County,0.0,100.0,100.0,100.0,91.33,0.0,2009-01-27
Yolo County,0.0,100.0,100.0,100.0,65.43,0.0,2009-01-20
Yolo County,0.0,100.0,100.0,100.0,0.0,0.0,2009-01-13
Yolo County,0.0,100.0,100.0,100.0,0.0,0.0,2009-01-06
Yolo County,0.0,100.0,100.0,100.0,0.0,0.0,2008-12-30
Yolo County,0.0,100.0,100.0,100.0,0.0,0.0,2008-12-23
Yolo County,0.0,100.0,100.0,100.0,0.0,0.0,2008-12-16
Yolo County,0.0,100.0,100.0,100.0,0.0,0.0,2008-12-09
Yolo County,0.0,100.0,100.0,100.0,0.0,0.0,2008-12-02
Yolo County,0.0,100.0,100.0,100.0,0.0,0.0,2008-11-25
Yolo County,0.0,100.0,100.0,100.0,0.0,0.0,2008-11-18
Yolo County,0.0,100.0,100.0,100.0,0.0,0.0,2008-11-11
Yolo County,0.0,100.0,100.0,100.0,0.0,0.0,2008-11-04
Yolo County,0.0,100.0,100.0,100.0,0.0,0.0,2008-10-28
Yolo County,0.0,100.0,100.0,100.0,0.0,0.0,2008-10-21
Yolo County,0.0,100.0,100.0,100.0,0.0,0.0,2008-10-14
Yolo County,0.0,100.0,100.0,100.0,0.0,0.0,2008-10-07
Yolo County,0.0,100.0,100.0,100.0,0.0,0.0,2008-09-30
Yolo County,0.0,100.0,100.0,100.0,0.0,0.0,2008-09-23
Yolo County,0.0,100.0,100.0,100.0,0.0,0.0,2008-09-16
Yolo County,0.0,100.0,100.0,100.0,0.0,0.0,2008-09-09
Yolo County,0.0,100.0,100.0,100.0,0.0,0.0,2008-09-02
Yolo County,0.0,100.0,100.0,100.0,0.0,0.0,2008-08-26
Yolo County,0.0,100.0,100.0,100.0,0.0,0.0,2008-08-19
Yolo County,0.0,100.0,100.0,100.0,0.0,0.0,2008-08-12
Yolo County,0.0,100.0,100.0,100.0,0.0,0.0,2008-08-05
Yolo County,0.0,100.0,100.0,100.0,0.0,0.0,2008-07-29
Yolo County,0.0,100.0,100.0,0.0,0.0,0.0,2008-07-22
Yolo County,0.0,100.0,100.0,0.0,0.0,0.0,2008-07-15
Yolo County,0.0,100.0,100.0,0.0,0.0,0.0,2008-07-08
Yolo County,0.0,100.0,100.0,0.0,0.0,0.0,2008-07-01
Yolo County,0.0,100.0,100.0,0.0,0.0,0.0,2008-06-24
Yolo County,0.0,100.0,100.0,0.0,0.0,0.0,2008-06-17
Yolo County,0.0,100.0,100.0,0.0,0.0,0.0,2008-06-10
Yolo County,0.0,100.0,100.0,0.0,0.0,0.0,2008-06-03
Yolo County,0.0,100.0,8.89,0.0,0.0,0.0,2008-05-27
Yolo County,0.0,100.0,8.89,0.0,0.0,0.0,2008-05-20
Yolo County,0.0,100.0,8.89,0.0,0.0,0.0,2008-05-13
Yolo County,0.0,100.0,8.89,0.0,0.0,0.0,2008-05-06
Yolo County,0.0,100.0,1.74,0.0,0.0,0.0,2008-04-29
Yolo County,39.52,60.48,0.0,0.0,0.0,0.0,2008-04-22
Yolo County,39.52,60.48,0.0,0.0,0.0,0.0,2008-04-15
Yolo County,100.0,0.0,0.0,0.0,0.0,0.0,2008-04-08
Yolo County,100.0,0.0,0.0,0.0,0.0,0.0,2008-04-01
Yolo County,100.0,0.0,0.0,0.0,0.0,0.0,2008-03-25
Yolo County,100.0,0.0,0.0,0.0,0.0,0.0,2008-03-18
Yolo County,100.0,0.0,0.0,0.0,0.0,0.0,2008-03-11
Yolo County,100.0,0.0,0.0,0.0,0.0,0.0,2008-03-04
Yolo County,100.0,0.0,0.0,0.0,0.0,0.0,2008-02-26
Yolo County,55.08,44.92,0.0,0.0,0.0,0.0,2008-02-19
Yolo County,55.08,44.92,0.0,0.0,0.0,0.0,2008-02-12
Yolo County,55.08,44.92,0.0,0.0,0.0,0.0,2008-02-05
Yolo County,55.08,44.92,0.0,0.0,0.0,0.0,2008-01-29
Yolo County,0.0,100.0,43.78,0.0,0.0,0.0,2008-01-22
Yolo County,0.0,100.0,42.65,0.0,0.0,0.0,2008-01-15
Yolo County,0.0,100.0,42.65,0.0,0.0,0.0,2008-01-08
Yolo County,0.0,100.0,100.0,0.0,0.0,0.0,2008-01-01
Yolo County,0.0,100.0,100.0,0.0,0.0,0.0,2007-12-25
Yolo County,0.0,100.0,100.0,0.0,0.0,0.0,2007-12-18
Yolo County,0.0,100.0,100.0,0.0,0.0,0.0,2007-12-11
Yolo County,0.0,100.0,100.0,0.0,0.0,0.0,2007-12-04
Yolo County,0.0,100.0,100.0,0.0,0.0,0.0,2007-11-27
Yolo County,0.0,100.0,100.0,0.0,0.0,0.0,2007-11-20
Yolo County,0.0,100.0,100.0,0.0,0.0,0.0,2007-11-13
Yolo County,0.0,100.0,100.0,0.0,0.0,0.0,2007-11-06
Yolo County,0.0,100.0,100.0,0.0,0.0,0.0,2007-10-30
Yolo County,0.0,100.0,100.0,0.0,0.0,0.0,2007-10-23
Yolo County,0.0,100.0,100.0,0.0,0.0,0.0,2007-10-16
Yolo County,0.0,100.0,100.0,0.0,0.0,0.0,2007-10-09
Yolo County,0.0,100.0,100.0,0.0,0.0,0.0,2007-10-02
Yolo County,0.0,100.0,100.0,0.0,0.0,0.0,2007-09-25
Yolo County,0.0,100.0,100.0,0.0,0.0,0.0,2007-09-18
Yolo County,0.0,100.0,100.0,0.0,0.0,0.0,2007-09-11
Yolo County,0.0,100.0,100.0,0.0,0.0,0.0,2007-09-04
Yolo County,0.0,100.0,100.0,0.0,0.0,0.0,2007-08-28
Yolo County,0.0,100.0,100.0,0.0,0.0,0.0,2007-08-21
Yolo County,0.0,100.0,100.0,0.0,0.0,0.0,2007-08-14
Yolo County,0.0,100.0,100.0,0.0,0.0,0.0,2007-08-07
Yolo County,0.0,100.0,100.0,0.0,0.0,0.0,2007-07-31
Yolo County,0.0,100.0,100.0,0.0,0.0,0.0,2007-07-24
Yolo County,0.0,100.0,100.0,0.0,0.0,0.0,2007-07-17
Yolo County,0.0,100.0,100.0,0.0,0.0,0.0,2007-07-10
Yolo County,0.0,100.0,100.0,0.0,0.0,0.0,2007-07-03
Yolo County,0.0,100.0,100.0,0.0,0.0,0.0,2007-06-26
Yolo County,0.0,100.0,100.0,0.0,0.0,0.0,2007-06-19
Yolo County,0.0,100.0,100.0,0.0,0.0,0.0,2007-06-12
Yolo County,0.0,100.0,100.0,0.0,0.0,0.0,2007-06-05
Yolo County,0.0,100.0,100.0,0.0,0.0,0.0,2007-05-29
Yolo County,0.0,100.0,100.0,0.0,0.0,0.0,2007-05-22
Yolo County,0.0,100.0,100.0,0.0,0.0,0.0,2007-05-15
Yolo County,0.0,100.0,100.0,0.0,0.0,0.0,2007-05-08
Yolo County,0.0,100.0,100.0,0.0,0.0,0.0,2007-05-01
Yolo County,0.0,100.0,100.0,0.0,0.0,0.0,2007-04-24
Yolo County,0.0,100.0,100.0,0.0,0.0,0.0,2007-04-17
Yolo County,0.0,100.0,93.44,0.0,0.0,0.0,2007-04-10
Yolo County,0.0,100.0,0.0,0.0,0.0,0.0,2007-04-03
Yolo County,10.96,89.04,0.0,0.0,0.0,0.0,2007-03-27
Yolo County,97.88,2.12,0.0,0.0,0.0,0.0,2007-03-20
Yolo County,97.88,2.12,0.0,0.0,0.0,0.0,2007-03-13
Yolo County,97.88,2.12,0.0,0.0,0.0,0.0,2007-03-06
Yolo County,97.88,2.12,0.0,0.0,0.0,0.0,2007-02-27
Yolo County,0.95,99.05,0.0,0.0,0.0,0.0,2007-02-20
Yolo County,100.0,0.0,0.0,0.0,0.0,0.0,2007-02-13
Yolo County,0.0,100.0,0.0,0.0,0.0,0.0,2007-02-06
Yolo County,0.0,100.0,0.0,0.0,0.0,0.0,2007-01-30
Yolo County,0.0,100.0,0.0,0.0,0.0,0.0,2007-01-23
Yolo County,100.0,0.0,0.0,0.0,0.0,0.0,2007-01-16
Yolo County,100.0,0.0,0.0,0.0,0.0,0.0,2007-01-09
Yolo County,100.0,0.0,0.0,0.0,0.0,0.0,2007-01-02
Yolo County,100.0,0.0,0.0,0.0,0.0,0.0,2006-12-26
Yolo County,100.0,0.0,0.0,0.0,0.0,0.0,2006-12-19
Yolo County,100.0,0.0,0.0,0.0,0.0,0.0,2006-12-12
Yolo County,100.0,0.0,0.0,0.0,0.0,0.0,2006-12-05
Yolo County,100.0,0.0,0.0,0.0,0.0,0.0,2006-11-28
Yolo County,100.0,0.0,0.0,0.0,0.0,0.0,2006-11-21
Yolo County,100.0,0.0,0.0,0.0,0.0,0.0,2006-11-14
Yolo County,100.0,0.0,0.0,0.0,0.0,0.0,2006-11-07
Yolo County,100.0,0.0,0.0,0.0,0.0,0.0,2006-10-31
Yolo County,100.0,0.0,0.0,0.0,0.0,0.0,2006-10-24
Yolo County,100.0,0.0,0.0,0.0,0.0,0.0,2006-10-17
Yolo County,100.0,0.0,0.0,0.0,0.0,0.0,2006-10-10
Yolo County,100.0,0.0,0.0,0.0,0.0,0.0,2006-10-03
Yolo County,100.0,0.0,0.0,0.0,0.0,0.0,2006-09-26
Yolo County,100.0,0.0,0.0,0.0,0.0,0.0,2006-09-19
Yolo County,100.0,0.0,0.0,0.0,0.0,0.0,2006-09-12
Yolo County,100.0,0.0,0.0,0.0,0.0,0.0,2006-09-05
Yolo County,100.0,0.0,0.0,0.0,0.0,0.0,2006-08-29
Yolo County,100.0,0.0,0.0,0.0,0.0,0.0,2006-08-22
Yolo County,100.0,0.0,0.0,0.0,0.0,0.0,2006-08-15
Yolo County,100.0,0.0,0.0,0.0,0.0,0.0,2006-08-08
Yolo County,100.0,0.0,0.0,0.0,0.0,0.0,2006-08-01
Yolo County,100.0,0.0,0.0,0.0,0.0,0.0,2006-07-25
Yolo County,100.0,0.0,0.0,0.0,0.0,0.0,2006-07-18
Yolo County,100.0,0.0,0.0,0.0,0.0,0.0,2006-07-11
Yolo County,100.0,0.0,0.0,0.0,0.0,0.0,2006-07-04
Yolo County,100.0,0.0,0.0,0.0,0.0,0.0,2006-06-27
Yolo County,100.0,0.0,0.0,0.0,0.0,0.0,2006-06-20
Yolo County,100.0,0.0,0.0,0.0,0.0,0.0,2006-06-13
Yolo County,100.0,0.0,0.0,0.0,0.0,0.0,2006-06-06
Yolo County,100.0,0.0,0.0,0.0,0.0,0.0,2006-05-30
Yolo County,100.0,0.0,0.0,0.0,0.0,0.0,2006-05-23
Yolo County,100.0,0.0,0.0,0.0,0.0,0.0,2006-05-16
Yolo County,100.0,0.0,0.0,0.0,0.0,0.0,2006-05-09
Yolo County,100.0,0.0,0.0,0.0,0.0,0.0,2006-05-02
Yolo County,100.0,0.0,0.0,0.0,0.0,0.0,2006-04-25
Yolo County,100.0,0.0,0.0,0.0,0.0,0.0,2006-04-18
Yolo County,100.0,0.0,0.0,0.0,0.0,0.0,2006-04-11
Yolo County,100.0,0.0,0.0,0.0,0.0,0.0,2006-04-04
Yolo County,100.0,0.0,0.0,0.0,0.0,0.0,2006-03-28
Yolo County,100.0,0.0,0.0,0.0,0.0,0.0,2006-03-21
Yolo County,100.0,0.0,0.0,0.0,0.0,0.0,2006-03-14
Yolo County,100.0,0.0,0.0,0.0,0.0,0.0,2006-03-07
Yolo County,100.0,0.0,0.0,0.0,0.0,0.0,2006-02-28
Yolo County,100.0,0.0,0.0,0.0,0.0,0.0,2006-02-21
Yolo County,100.0,0.0,0.0,0.0,0.0,0.0,2006-02-14
Yolo County,100.0,0.0,0.0,0.0,0.0,0.0,2006-02-07
Yolo County,100.0,0.0,0.0,0.0,0.0,0.0,2006-01-31
Yolo County,100.0,0.0,0.0,0.0,0.0,0.0,2006-01-24
Yolo County,100.0,0.0,0.0,0.0,0.0,0.0,2006-01-17
Yolo County,100.0,0.0,0.0,0.0,0.0,0.0,2006-01-10
Yolo County,100.0,0.0,0.0,0.0,0.0,0.0,2006-01-03
Yolo County,100.0,0.0,0.0,0.0,0.0,0.0,2005-12-27
Yolo County,100.0,0.0,0.0,0.0,0.0,0.0,2005-12-20
Yolo County,100.0,0.0,0.0,0.0,0.0,0.0,2005-12-13
Yolo County,100.0,0.0,0.0,0.0,0.0,0.0,2005-12-06
Yolo County,90.35,9.65,0.0,0.0,0.0,0.0,2005-11-29
Yolo County,100.0,0.0,0.0,0.0,0.0,0.0,2005-11-22
Yolo County,100.0,0.0,0.0,0.0,0.0,0.0,2005-11-15
Yolo County,100.0,0.0,0.0,0.0,0.0,0.0,2005-11-08
Yolo County,100.0,0.0,0.0,0.0,0.0,0.0,2005-11-01
Yolo County,100.0,0.0,0.0,0.0,0.0,0.0,2005-10-25
Yolo County,100.0,0.0,0.0,0.0,0.0,0.0,2005-10-18
Yolo County,100.0,0.0,0.0,0.0,0.0,0.0,2005-10-11
Yolo County,100.0,0.0,0.0,0.0,0.0,0.0,2005-10-04
Yolo County,100.0,0.0,0.0,0.0,0.0,0.0,2005-09-27
Yolo County,100.0,0.0,0.0,0.0,0.0,0.0,2005-09-20
Yolo County,100.0,0.0,0.0,0.0,0.0,0.0,2005-09-13
Yolo County,100.0,0.0,0.0,0.0,0.0,0.0,2005-09-06
Yolo County,100.0,0.0,0.0,0.0,0.0,0.0,2005-08-30
Yolo County,100.0,0.0,0.0,0.0,0.0,0.0,2005-08-23
Yolo County,100.0,0.0,0.0,0.0,0.0,0.0,2005-08-16
Yolo County,100.0,0.0,0.0,0.0,0.0,0.0,2005-08-09
Yolo County,100.0,0.0,0.0,0.0,0.0,0.0,2005-08-02
Yolo County,100.0,0.0,0.0,0.0,0.0,0.0,2005-07-26
Yolo County,100.0,0.0,0.0,0.0,0.0,0.0,2005-07-19
Yolo County,100.0,0.0,0.0,0.0,0.0,0.0,2005-07-12
Yolo County,100.0,0.0,0.0,0.0,0.0,0.0,2005-07-05
Yolo County,100.0,0.0,0.0,0.0,0.0,0.0,2005-06-28
Yolo County,100.0,0.0,0.0,0.0,0.0,0.0,2005-06-21
Yolo County,100.0,0.0,0.0,0.0,0.0,0.0,2005-06-14
Yolo County,100.0,0.0,0.0,0.0,0.0,0.0,2005-06-07
Yolo County,100.0,0.0,0.0,0.0,0.0,0.0,2005-05-31
Yolo County,100.0,0.0,0.0,0.0,0.0,0.0,2005-05-24
Yolo County,100.0,0.0,0.0,0.0,0.0,0.0,2005-05-17
Yolo County,100.0,0.0,0.0,0.0,0.0,0.0,2005-05-10
Yolo County,100.0,0.0,0.0,0.0,0.0,0.0,2005-05-03
Yolo County,100.0,0.0,0.0,0.0,0.0,0.0,2005-04-26
Yolo County,100.0,0.0,0.0,0.0,0.0,0.0,2005-04-19
Yolo County,100.0,0.0,0.0,0.0,0.0,0.0,2005-04-12
Yolo County,100.0,0.0,0.0,0.0,0.0,0.0,2005-04-05
Yolo County,100.0,0.0,0.0,0.0,0.0,0.0,2005-03-29
Yolo County,100.0,0.0,0.0,0.0,0.0,0.0,2005-03-22
Yolo County,100.0,0.0,0.0,0.0,0.0,0.0,2005-03-15
Yolo County,100.0,0.0,0.0,0.0,0.0,0.0,2005-03-08
Yolo County,100.0,0.0,0.0,0.0,0.0,0.0,2005-03-01
Yolo County,100.0,0.0,0.0,0.0,0.0,0.0,2005-02-22
Yolo County,100.0,0.0,0.0,0.0,0.0,0.0,2005-02-15
Yolo County,100.0,0.0,0.0,0.0,0.0,0.0,2005-02-08
Yolo County,100.0,0.0,0.0,0.0,0.0,0.0,2005-02-01
Yolo County,100.0,0.0,0.0,0.0,0.0,0.0,2005-01-25
Yolo County,100.0,0.0,0.0,0.0,0.0,0.0,2005-01-18
Yolo County,100.0,0.0,0.0,0.0,0.0,0.0,2005-01-11
Yolo County,100.0,0.0,0.0,0.0,0.0,0.0,2005-01-04
Yolo County,93.45,6.55,0.0,0.0,0.0,0.0,2004-12-28
Yolo County,100.0,0.0,0.0,0.0,0.0,0.0,2004-12-21
Yolo County,100.0,0.0,0.0,0.0,0.0,0.0,2004-12-14
Yolo County,100.0,0.0,0.0,0.0,0.0,0.0,2004-12-07
Yolo County,100.0,0.0,0.0,0.0,0.0,0.0,2004-11-30
Yolo County,99.25,0.75,0.0,0.0,0.0,0.0,2004-11-23
Yolo County,99.25,0.75,0.0,0.0,0.0,0.0,2004-11-16
Yolo County,14.48,85.52,0.0,0.0,0.0,0.0,2004-11-09
Yolo County,14.48,85.52,0.0,0.0,0.0,0.0,2004-11-02
Yolo County,13.68,86.32,0.0,0.0,0.0,0.0,2004-10-26
Yolo County,0.0,100.0,0.0,0.0,0.0,0.0,2004-10-19
Yolo County,0.0,100.0,0.0,0.0,0.0,0.0,2004-10-12
Yolo County,0.0,100.0,0.0,0.0,0.0,0.0,2004-10-05
Yolo County,0.0,100.0,0.0,0.0,0.0,0.0,2004-09-28
Yolo County,0.0,100.0,0.0,0.0,0.0,0.0,2004-09-21
Yolo County,0.0,100.0,0.0,0.0,0.0,0.0,2004-09-14
Yolo County,0.0,100.0,0.0,0.0,0.0,0.0,2004-09-07
Yolo County,0.0,100.0,0.0,0.0,0.0,0.0,2004-08-31
Yolo County,0.0,100.0,0.0,0.0,0.0,0.0,2004-08-24
Yolo County,0.0,100.0,0.0,0.0,0.0,0.0,2004-08-17
Yolo County,0.0,100.0,0.0,0.0,0.0,0.0,2004-08-10
Yolo County,30.68,69.32,0.0,0.0,0.0,0.0,2004-08-03
Yolo County,19.83,80.17,0.0,0.0,0.0,0.0,2004-07-27
Yolo County,19.83,80.17,0.0,0.0,0.0,0.0,2004-07-20
Yolo County,19.83,80.17,0.0,0.0,0.0,0.0,2004-07-13
Yolo County,19.83,80.17,0.0,0.0,0.0,0.0,2004-07-06
Yolo County,17.21,82.79,0.0,0.0,0.0,0.0,2004-06-29
Yolo County,22.65,77.35,0.0,0.0,0.0,0.0,2004-06-22
Yolo County,18.75,81.25,0.0,0.0,0.0,0.0,2004-06-15
Yolo County,18.75,81.25,0.0,0.0,0.0,0.0,2004-06-08
Yolo County,36.47,63.53,0.0,0.0,0.0,0.0,2004-06-01
Yolo County,8.96,91.04,0.0,0.0,0.0,0.0,2004-05-25
Yolo County,14.09,85.91,0.0,0.0,0.0,0.0,2004-05-18
Yolo County,14.09,85.91,0.0,0.0,0.0,0.0,2004-05-11
Yolo County,10.48,89.52,0.0,0.0,0.0,0.0,2004-05-04
Yolo County,100.0,0.0,0.0,0.0,0.0,0.0,2004-04-27
Yolo County,100.0,0.0,0.0,0.0,0.0,0.0,2004-04-20
Yolo County,100.0,0.0,0.0,0.0,0.0,0.0,2004-04-13
Yolo County,100.0,0.0,0.0,0.0,0.0,0.0,2004-04-06
Yolo County,100.0,0.0,0.0,0.0,0.0,0.0,2004-03-30
Yolo County,100.0,0.0,0.0,0.0,0.0,0.0,2004-03-23
Yolo County,100.0,0.0,0.0,0.0,0.0,0.0,2004-03-16
Yolo County,100.0,0.0,0.0,0.0,0.0,0.0,2004-03-09
Yolo County,100.0,0.0,0.0,0.0,0.0,0.0,2004-03-02
Yolo County,100.0,0.0,0.0,0.0,0.0,0.0,2004-02-24
Yolo County,100.0,0.0,0.0,0.0,0.0,0.0,2004-02-17
Yolo County,100.0,0.0,0.0,0.0,0.0,0.0,2004-02-10
Yolo County,100.0,0.0,0.0,0.0,0.0,0.0,2004-02-03
Yolo County,100.0,0.0,0.0,0.0,0.0,0.0,2004-01-27
Yolo County,100.0,0.0,0.0,0.0,0.0,0.0,2004-01-20
Yolo County,100.0,0.0,0.0,0.0,0.0,0.0,2004-01-13
Yolo County,100.0,0.0,0.0,0.0,0.0,0.0,2004-01-06
Yolo County,100.0,0.0,0.0,0.0,0.0,0.0,2003-12-30
Yolo County,100.0,0.0,0.0,0.0,0.0,0.0,2003-12-23
Yolo County,100.0,0.0,0.0,0.0,0.0,0.0,2003-12-16
Yolo County,100.0,0.0,0.0,0.0,0.0,0.0,2003-12-09
Yolo County,100.0,0.0,0.0,0.0,0.0,0.0,2003-12-02
Yolo County,100.0,0.0,0.0,0.0,0.0,0.0,2003-11-25
Yolo County,100.0,0.0,0.0,0.0,0.0,0.0,2003-11-18
Yolo County,100.0,0.0,0.0,0.0,0.0,0.0,2003-11-11
Yolo County,100.0,0.0,0.0,0.0,0.0,0.0,2003-11-04
Yolo County,0.0,100.0,0.0,0.0,0.0,0.0,2003-10-28
Yolo County,100.0,0.0,0.0,0.0,0.0,0.0,2003-10-21
Yolo County,100.0,0.0,0.0,0.0,0.0,0.0,2003-10-14
Yolo County,100.0,0.0,0.0,0.0,0.0,0.0,2003-10-07
Yolo County,100.0,0.0,0.0,0.0,0.0,0.0,2003-09-30
Yolo County,100.0,0.0,0.0,0.0,0.0,0.0,2003-09-23
Yolo County,100.0,0.0,0.0,0.0,0.0,0.0,2003-09-16
Yolo County,100.0,0.0,0.0,0.0,0.0,0.0,2003-09-09
Yolo County,100.0,0.0,0.0,0.0,0.0,0.0,2003-09-02
Yolo County,100.0,0.0,0.0,0.0,0.0,0.0,2003-08-26
Yolo County,100.0,0.0,0.0,0.0,0.0,0.0,2003-08-19
Yolo County,100.0,0.0,0.0,0.0,0.0,0.0,2003-08-12
Yolo County,100.0,0.0,0.0,0.0,0.0,0.0,2003-08-05
Yolo County,100.0,0.0,0.0,0.0,0.0,0.0,2003-07-29
Yolo County,100.0,0.0,0.0,0.0,0.0,0.0,2003-07-22
Yolo County,100.0,0.0,0.0,0.0,0.0,0.0,2003-07-15
Yolo County,100.0,0.0,0.0,0.0,0.0,0.0,2003-07-08
Yolo County,100.0,0.0,0.0,0.0,0.0,0.0,2003-07-01
Yolo County,100.0,0.0,0.0,0.0,0.0,0.0,2003-06-24
Yolo County,100.0,0.0,0.0,0.0,0.0,0.0,2003-06-17
Yolo County,100.0,0.0,0.0,0.0,0.0,0.0,2003-06-10
Yolo County,100.0,0.0,0.0,0.0,0.0,0.0,2003-06-03
Yolo County,100.0,0.0,0.0,0.0,0.0,0.0,2003-05-27
Yolo County,100.0,0.0,0.0,0.0,0.0,0.0,2003-05-20
Yolo County,100.0,0.0,0.0,0.0,0.0,0.0,2003-05-13
Yolo County,100.0,0.0,0.0,0.0,0.0,0.0,2003-05-06
Yolo County,100.0,0.0,0.0,0.0,0.0,0.0,2003-04-29
Yolo County,100.0,0.0,0.0,0.0,0.0,0.0,2003-04-22
Yolo County,100.0,0.0,0.0,0.0,0.0,0.0,2003-04-15
Yolo County,100.0,0.0,0.0,0.0,0.0,0.0,2003-04-08
Yolo County,100.0,0.0,0.0,0.0,0.0,0.0,2003-04-01
Yolo County,100.0,0.0,0.0,0.0,0.0,0.0,2003-03-25
Yolo County,100.0,0.0,0.0,0.0,0.0,0.0,2003-03-18
Yolo County,100.0,0.0,0.0,0.0,0.0,0.0,2003-03-11
Yolo County,100.0,0.0,0.0,0.0,0.0,0.0,2003-03-04
Yolo County,100.0,0.0,0.0,0.0,0.0,0.0,2003-02-25
Yolo County,100.0,0.0,0.0,0.0,0.0,0.0,2003-02-18
Yolo County,100.0,0.0,0.0,0.0,0.0,0.0,2003-02-11
Yolo County,100.0,0.0,0.0,0.0,0.0,0.0,2003-02-04
Yolo County,100.0,0.0,0.0,0.0,0.0,0.0,2003-01-28
Yolo County,100.0,0.0,0.0,0.0,0.0,0.0,2003-01-21
Yolo County,100.0,0.0,0.0,0.0,0.0,0.0,2003-01-14
Yolo County,100.0,0.0,0.0,0.0,0.0,0.0,2003-01-07
Yolo County,100.0,0.0,0.0,0.0,0.0,0.0,2002-12-31
Yolo County,100.0,0.0,0.0,0.0,0.0,0.0,2002-12-24
Yolo County,100.0,0.0,0.0,0.0,0.0,0.0,2002-12-17
Yolo County,0.0,100.0,0.0,0.0,0.0,0.0,2002-12-10
Yolo County,0.0,100.0,0.0,0.0,0.0,0.0,2002-12-03
Yolo County,0.0,100.0,0.0,0.0,0.0,0.0,2002-11-26
Yolo County,0.0,100.0,0.0,0.0,0.0,0.0,2002-11-19
Yolo County,0.0,100.0,0.0,0.0,0.0,0.0,2002-11-12
Yolo County,0.0,100.0,61.57,0.0,0.0,0.0,2002-11-05
Yolo County,0.0,100.0,50.0,0.0,0.0,0.0,2002-10-29
Yolo County,0.0,100.0,13.69,0.0,0.0,0.0,2002-10-22
Yolo County,0.0,100.0,11.81,0.0,0.0,0.0,2002-10-15
Yolo County,0.0,100.0,10.32,0.0,0.0,0.0,2002-10-08
Yolo County,0.0,100.0,0.0,0.0,0.0,0.0,2002-10-01
Yolo County,0.0,100.0,0.0,0.0,0.0,0.0,2002-09-24
Yolo County,0.0,100.0,0.0,0.0,0.0,0.0,2002-09-17
Yolo County,0.0,100.0,0.0,0.0,0.0,0.0,2002-09-10
Yolo County,0.0,100.0,0.0,0.0,0.0,0.0,2002-09-03
Yolo County,0.0,100.0,0.0,0.0,0.0,0.0,2002-08-27
Yolo County,0.0,100.0,0.0,0.0,0.0,0.0,2002-08-20
Yolo County,0.0,100.0,0.0,0.0,0.0,0.0,2002-08-13
Yolo County,0.0,100.0,0.0,0.0,0.0,0.0,2002-08-06
Yolo County,0.0,100.0,0.0,0.0,0.0,0.0,2002-07-30
Yolo County,0.0,100.0,0.0,0.0,0.0,0.0,2002-07-23
Yolo County,0.0,100.0,0.0,0.0,0.0,0.0,2002-07-16
Yolo County,0.0,100.0,0.0,0.0,0.0,0.0,2002-07-09
Yolo County,0.0,100.0,0.0,0.0,0.0,0.0,2002-07-02
Yolo County,0.0,100.0,0.0,0.0,0.0,0.0,2002-06-25
Yolo County,0.0,100.0,0.0,0.0,0.0,0.0,2002-06-18
Yolo County,0.0,100.0,0.0,0.0,0.0,0.0,2002-06-11
Yolo County,0.0,100.0,0.0,0.0,0.0,0.0,2002-06-04
Yolo County,0.0,100.0,0.0,0.0,0.0,0.0,2002-05-28
Yolo County,100.0,0.0,0.0,0.0,0.0,0.0,2002-05-21
Yolo County,100.0,0.0,0.0,0.0,0.0,0.0,2002-05-14
Yolo County,100.0,0.0,0.0,0.0,0.0,0.0,2002-05-07
Yolo County,100.0,0.0,0.0,0.0,0.0,0.0,2002-04-30
Yolo County,100.0,0.0,0.0,0.0,0.0,0.0,2002-04-23
Yolo County,100.0,0.0,0.0,0.0,0.0,0.0,2002-04-16
Yolo County,100.0,0.0,0.0,0.0,0.0,0.0,2002-04-09
Yolo County,100.0,0.0,0.0,0.0,0.0,0.0,2002-04-02
Yolo County,100.0,0.0,0.0,0.0,0.0,0.0,2002-03-26
Yolo County,100.0,0.0,0.0,0.0,0.0,0.0,2002-03-19
Yolo County,100.0,0.0,0.0,0.0,0.0,0.0,2002-03-12
Yolo County,100.0,0.0,0.0,0.0,0.0,0.0,2002-03-05
Yolo County,100.0,0.0,0.0,0.0,0.0,0.0,2002-02-26
Yolo County,100.0,0.0,0.0,0.0,0.0,0.0,2002-02-19
Yolo County,100.0,0.0,0.0,0.0,0.0,0.0,2002-02-12
Yolo County,100.0,0.0,0.0,0.0,0.0,0.0,2002-02-05
Yolo County,100.0,0.0,0.0,0.0,0.0,0.0,2002-01-29
Yolo County,100.0,0.0,0.0,0.0,0.0,0.0,2002-01-22
Yolo County,100.0,0.0,0.0,0.0,0.0,0.0,2002-01-15
Yolo County,100.0,0.0,0.0,0.0,0.0,0.0,2002-01-08
Yolo County,100.0,0.0,0.0,0.0,0.0,0.0,2002-01-01
Yolo County,97.21,2.79,0.0,0.0,0.0,0.0,2001-12-25
Yolo County,0.0,100.0,0.0,0.0,0.0,0.0,2001-12-18
Yolo County,0.0,100.0,0.0,0.0,0.0,0.0,2001-12-11
Yolo County,0.0,100.0,0.0,0.0,0.0,0.0,2001-12-04
Yolo County,0.0,100.0,100.0,0.0,0.0,0.0,2001-11-27
Yolo County,0.0,100.0,100.0,0.0,0.0,0.0,2001-11-20
Yolo County,0.0,100.0,100.0,0.0,0.0,0.0,2001-11-13
Yolo County,0.0,100.0,100.0,0.0,0.0,0.0,2001-11-06
Yolo County,0.0,100.0,100.0,0.0,0.0,0.0,2001-10-30
Yolo County,0.0,100.0,100.0,0.0,0.0,0.0,2001-10-23
Yolo County,0.0,100.0,100.0,0.0,0.0,0.0,2001-10-16
Yolo County,0.0,100.0,100.0,0.0,0.0,0.0,2001-10-09
Yolo County,0.0,100.0,100.0,0.0,0.0,0.0,2001-10-02
Yolo County,0.0,100.0,100.0,0.0,0.0,0.0,2001-09-25
Yolo County,0.0,100.0,100.0,0.0,0.0,0.0,2001-09-18
Yolo County,0.0,100.0,100.0,0.0,0.0,0.0,2001-09-11
Yolo County,0.0,100.0,0.0,0.0,0.0,0.0,2001-09-04
Yolo County,0.0,100.0,0.0,0.0,0.0,0.0,2001-08-28
Yolo County,0.0,100.0,0.0,0.0,0.0,0.0,2001-08-21
Yolo County,0.0,100.0,0.0,0.0,0.0,0.0,2001-08-14
Yolo County,0.0,100.0,0.0,0.0,0.0,0.0,2001-08-07
Yolo County,0.0,100.0,0.0,0.0,0.0,0.0,2001-07-31
Yolo County,0.0,100.0,0.0,0.0,0.0,0.0,2001-07-24
Yolo County,0.0,100.0,0.0,0.0,0.0,0.0,2001-07-17
Yolo County,0.0,100.0,0.0,0.0,0.0,0.0,2001-07-10
Yolo County,0.0,100.0,0.0,0.0,0.0,0.0,2001-07-03
Yolo County,0.0,100.0,0.0,0.0,0.0,0.0,2001-06-26
Yolo County,0.0,100.0,0.0,0.0,0.0,0.0,2001-06-19
Yolo County,0.0,100.0,0.0,0.0,0.0,0.0,2001-06-12
Yolo County,0.0,100.0,0.0,0.0,0.0,0.0,2001-06-05
Yolo County,100.0,0.0,0.0,0.0,0.0,0.0,2001-05-29
Yolo County,100.0,0.0,0.0,0.0,0.0,0.0,2001-05-22
Yolo County,100.0,0.0,0.0,0.0,0.0,0.0,2001-05-15
Yolo County,100.0,0.0,0.0,0.0,0.0,0.0,2001-05-08
Yolo County,100.0,0.0,0.0,0.0,0.0,0.0,2001-05-01
Yolo County,100.0,0.0,0.0,0.0,0.0,0.0,2001-04-24
Yolo County,100.0,0.0,0.0,0.0,0.0,0.0,2001-04-17
Yolo County,100.0,0.0,0.0,0.0,0.0,0.0,2001-04-10
Yolo County,100.0,0.0,0.0,0.0,0.0,0.0,2001-04-03
Yolo County,100.0,0.0,0.0,0.0,0.0,0.0,2001-03-27
Yolo County,100.0,0.0,0.0,0.0,0.0,0.0,2001-03-20
Yolo County,100.0,0.0,0.0,0.0,0.0,0.0,2001-03-13
Yolo County,100.0,0.0,0.0,0.0,0.0,0.0,2001-03-06
Yolo County,100.0,0.0,0.0,0.0,0.0,0.0,2001-02-27
Yolo County,100.0,0.0,0.0,0.0,0.0,0.0,2001-02-20
Yolo County,100.0,0.0,0.0,0.0,0.0,0.0,2001-02-13
Yolo County,100.0,0.0,0.0,0.0,0.0,0.0,2001-02-06
Yolo County,100.0,0.0,0.0,0.0,0.0,0.0,2001-01-30
Yolo County,100.0,0.0,0.0,0.0,0.0,0.0,2001-01-23
Yolo County,100.0,0.0,0.0,0.0,0.0,0.0,2001-01-16
Yolo County,100.0,0.0,0.0,0.0,0.0,0.0,2001-01-09
Yolo County,100.0,0.0,0.0,0.0,0.0,0.0,2001-01-02
Yolo County,100.0,0.0,0.0,0.0,0.0,0.0,2000-12-26
Yolo County,100.0,0.0,0.0,0.0,0.0,0.0,2000-12-19
Yolo County,100.0,0.0,0.0,0.0,0.0,0.0,2000-12-12
Yolo County,100.0,0.0,0.0,0.0,0.0,0.0,2000-12-05
Yolo County,100.0,0.0,0.0,0.0,0.0,0.0,2000-11-28
Yolo County,100.0,0.0,0.0,0.0,0.0,0.0,2000-11-21
Yolo County,100.0,0.0,0.0,0.0,0.0,0.0,2000-11-14
Yolo County,100.0,0.0,0.0,0.0,0.0,0.0,2000-11-07
Yolo County,100.0,0.0,0.0,0.0,0.0,0.0,2000-10-31
Yolo County,100.0,0.0,0.0,0.0,0.0,0.0,2000-10-24
Yolo County,100.0,0.0,0.0,0.0,0.0,0.0,2000-10-17
Yolo County,100.0,0.0,0.0,0.0,0.0,0.0,2000-10-10
Yolo County,100.0,0.0,0.0,0.0,0.0,0.0,2000-10-03
Yolo County,100.0,0.0,0.0,0.0,0.0,0.0,2000-09-26
Yolo County,100.0,0.0,0.0,0.0,0.0,0.0,2000-09-19
Yolo County,100.0,0.0,0.0,0.0,0.0,0.0,2000-09-12
Yolo County,100.0,0.0,0.0,0.0,0.0,0.0,2000-09-05
Yolo County,100.0,0.0,0.0,0.0,0.0,0.0,2000-08-29
Yolo County,100.0,0.0,0.0,0.0,0.0,0.0,2000-08-22
Yolo County,100.0,0.0,0.0,0.0,0.0,0.0,2000-08-15
Yolo County,100.0,0.0,0.0,0.0,0.0,0.0,2000-08-08
Yolo County,100.0,0.0,0.0,0.0,0.0,0.0,2000-08-01
Yolo County,100.0,0.0,0.0,0.0,0.0,0.0,2000-07-25
Yolo County,100.0,0.0,0.0,0.0,0.0,0.0,2000-07-18
Yolo County,100.0,0.0,0.0,0.0,0.0,0.0,2000-07-11
Yolo County,100.0,0.0,0.0,0.0,0.0,0.0,2000-07-04
Yolo County,100.0,0.0,0.0,0.0,0.0,0.0,2000-06-27
Yolo County,100.0,0.0,0.0,0.0,0.0,0.0,2000-06-20
Yolo County,100.0,0.0,0.0,0.0,0.0,0.0,2000-06-13
Yolo County,100.0,0.0,0.0,0.0,0.0,0.0,2000-06-06
Yolo County,100.0,0.0,0.0,0.0,0.0,0.0,2000-05-30
Yolo County,100.0,0.0,0.0,0.0,0.0,0.0,2000-05-23
Yolo County,100.0,0.0,0.0,0.0,0.0,0.0,2000-05-16
Yolo County,100.0,0.0,0.0,0.0,0.0,0.0,2000-05-09
Yolo County,100.0,0.0,0.0,0.0,0.0,0.0,2000-05-02
Yolo County,100.0,0.0,0.0,0.0,0.0,0.0,2000-04-25
Yolo County,100.0,0.0,0.0,0.0,0.0,0.0,2000-04-18
Yolo County,100.0,0.0,0.0,0.0,0.0,0.0,2000-04-11
Yolo County,100.0,0.0,0.0,0.0,0.0,0.0,2000-04-04
Yolo County,100.0,0.0,0.0,0.0,0.0,0.0,2000-03-28
Yolo County,100.0,0.0,0.0,0.0,0.0,0.0,2000-03-21
Yolo County,100.0,0.0,0.0,0.0,0.0,0.0,2000-03-14
Yolo County,100.0,0.0,0.0,0.0,0.0,0.0,2000-03-07
Yolo County,100.0,0.0,0.0,0.0,0.0,0.0,2000-02-29
Yolo County,100.0,0.0,0.0,0.0,0.0,0.0,2000-02-22
Yolo County,100.0,0.0,0.0,0.0,0.0,0.0,2000-02-15
Yolo County,100.0,0.0,0.0,0.0,0.0,0.0,2000-02-08
Yolo County,100.0,0.0,0.0,0.0,0.0,0.0,2000-02-01
Yolo County,100.0,0.0,0.0,0.0,0.0,0.0,2000-01-25
Yolo County,48.78,51.22,0.0,0.0,0.0,0.0,2000-01-18
Yolo County,0.0,100.0,0.0,0.0,0.0,0.0,2000-01-11
Yolo County,0.0,100.0,0.0,0.0,0.0,0.0,2000-01-04
